-- 메뉴다국어
INSERT INTO NVMENU_LANG (MENU_CD, LANG, MENU_NM)
VALUES ('01', 'ko', '캠페인');
INSERT INTO NVMENU_LANG (MENU_CD, LANG, MENU_NM)
VALUES ('0102', 'ko', '캠페인 리스트');
INSERT INTO NVMENU_LANG (MENU_CD, LANG, MENU_NM)
VALUES ('0103', 'ko', '캠페인 등록');
INSERT INTO NVMENU_LANG (MENU_CD, LANG, MENU_NM)
VALUES ('0104', 'ko', '캠페인 고객이력');
INSERT INTO NVMENU_LANG (MENU_CD, LANG, MENU_NM)
VALUES ('02', 'ko', '이케어');
INSERT INTO NVMENU_LANG (MENU_CD, LANG, MENU_NM)
VALUES ('0201', 'ko', '이케어 리스트');
INSERT INTO NVMENU_LANG (MENU_CD, LANG, MENU_NM)
VALUES ('0202', 'ko', '이케어 등록');
INSERT INTO NVMENU_LANG (MENU_CD, LANG, MENU_NM)
VALUES ('0203', 'ko', '이케어 고객이력');
INSERT INTO NVMENU_LANG (MENU_CD, LANG, MENU_NM)
VALUES ('0204', 'ko', '컨텐츠 변경이력');
INSERT INTO NVMENU_LANG (MENU_CD, LANG, MENU_NM)
VALUES ('0205', 'ko', '단건발송');
INSERT INTO NVMENU_LANG (MENU_CD, LANG, MENU_NM)
VALUES ('03', 'ko', '리포트');
INSERT INTO NVMENU_LANG (MENU_CD, LANG, MENU_NM)
VALUES ('030101', 'ko', '캠페인 리스트');
INSERT INTO NVMENU_LANG (MENU_CD, LANG, MENU_NM)
VALUES ('030105', 'ko', '비교 분석');
INSERT INTO NVMENU_LANG (MENU_CD, LANG, MENU_NM)
VALUES ('030106', 'ko', '캠페인 월별 통계');
INSERT INTO NVMENU_LANG (MENU_CD, LANG, MENU_NM)
VALUES ('030107', 'ko', '부서별 과금 통계');
INSERT INTO NVMENU_LANG (MENU_CD, LANG, MENU_NM)
VALUES ('030201', 'ko', '이케어 리스트');
INSERT INTO NVMENU_LANG (MENU_CD, LANG, MENU_NM)
VALUES ('030203', 'ko', '이케어 월별 통계');
INSERT INTO NVMENU_LANG (MENU_CD, LANG, MENU_NM)
VALUES ('030204', 'ko', '부서별 과금 통계');
INSERT INTO NVMENU_LANG (MENU_CD, LANG, MENU_NM)
VALUES ('0303', 'ko', '고객이력');
INSERT INTO NVMENU_LANG (MENU_CD, LANG, MENU_NM)
VALUES ('030301', 'ko', '고객조회/재발송');
INSERT INTO NVMENU_LANG (MENU_CD, LANG, MENU_NM)
VALUES ('04', 'ko', '템플릿');
INSERT INTO NVMENU_LANG (MENU_CD, LANG, MENU_NM)
VALUES ('0401', 'ko', '템플릿 리스트');
INSERT INTO NVMENU_LANG (MENU_CD, LANG, MENU_NM)
VALUES ('0402', 'ko', '템플릿 등록');
INSERT INTO NVMENU_LANG (MENU_CD, LANG, MENU_NM)
VALUES ('0403', 'ko', '모바일 템플릿 리스트');
INSERT INTO NVMENU_LANG (MENU_CD, LANG, MENU_NM)
VALUES ('0404', 'ko', '모바일 템플릿 등록');
INSERT INTO NVMENU_LANG (MENU_CD, LANG, MENU_NM)
VALUES ('0405', 'ko', '알림톡 리스트');
INSERT INTO NVMENU_LANG (MENU_CD, LANG, MENU_NM)
VALUES ('0406', 'ko', '알림톡 등록');
INSERT INTO NVMENU_LANG (MENU_CD, LANG, MENU_NM)
VALUES ('05', 'ko', '대상자');
INSERT INTO NVMENU_LANG (MENU_CD, LANG, MENU_NM)
VALUES ('0501', 'ko', '대상자 조회');
INSERT INTO NVMENU_LANG (MENU_CD, LANG, MENU_NM)
VALUES ('0502', 'ko', '대상자 등록');
INSERT INTO NVMENU_LANG (MENU_CD, LANG, MENU_NM)
VALUES ('0504', 'ko', '대상자 파일 올리기');
INSERT INTO NVMENU_LANG (MENU_CD, LANG, MENU_NM)
VALUES ('06', 'ko', '사용자');
INSERT INTO NVMENU_LANG (MENU_CD, LANG, MENU_NM)
VALUES ('0601', 'ko', '사용자 관리');
INSERT INTO NVMENU_LANG (MENU_CD, LANG, MENU_NM)
VALUES ('0602', 'ko', '권한 관리');
INSERT INTO NVMENU_LANG (MENU_CD, LANG, MENU_NM)
VALUES ('0603', 'ko', '접속 로그');
INSERT INTO NVMENU_LANG (MENU_CD, LANG, MENU_NM)
VALUES ('0604', 'ko', '사용자 로그');
INSERT INTO NVMENU_LANG (MENU_CD, LANG, MENU_NM)
VALUES ('0606', 'ko', '부서 관리');
INSERT INTO NVMENU_LANG (MENU_CD, LANG, MENU_NM)
VALUES ('0607', 'ko', '사용자 관리');
INSERT INTO NVMENU_LANG (MENU_CD, LANG, MENU_NM)
VALUES ('0608', 'ko', '부서 권한 관리');
INSERT INTO NVMENU_LANG (MENU_CD, LANG, MENU_NM)
VALUES ('07', 'ko', '환경설정');
INSERT INTO NVMENU_LANG (MENU_CD, LANG, MENU_NM)
VALUES ('0701', 'ko', '서버 환경정보');
INSERT INTO NVMENU_LANG (MENU_CD, LANG, MENU_NM)
VALUES ('0702', 'ko', 'DB 관리');
INSERT INTO NVMENU_LANG (MENU_CD, LANG, MENU_NM)
VALUES ('0703', 'ko', '공휴일 관리');
INSERT INTO NVMENU_LANG (MENU_CD, LANG, MENU_NM)
VALUES ('0704', 'ko', '도메인 관리');
INSERT INTO NVMENU_LANG (MENU_CD, LANG, MENU_NM)
VALUES ('0705', 'ko', '금칙어 관리');
INSERT INTO NVMENU_LANG (MENU_CD, LANG, MENU_NM)
VALUES ('0706', 'ko', '서비스 연동 관리');
INSERT INTO NVMENU_LANG (MENU_CD, LANG, MENU_NM)
VALUES ('0707', 'ko', '기본 핸들러 설정');
INSERT INTO NVMENU_LANG (MENU_CD, LANG, MENU_NM)
VALUES ('0708', 'ko', '배치 핸들러 설정');
INSERT INTO NVMENU_LANG (MENU_CD, LANG, MENU_NM)
VALUES ('0710', 'ko', '코드 관리');
INSERT INTO NVMENU_LANG (MENU_CD, LANG, MENU_NM)
VALUES ('0711', 'ko', '메시지 발신자 정보');
INSERT INTO NVMENU_LANG (MENU_CD, LANG, MENU_NM)
VALUES ('0712', 'ko', '개인정보 관리');
INSERT INTO NVMENU_LANG (MENU_CD, LANG, MENU_NM)
VALUES ('0713', 'ko', '이케어 이력 관리');
INSERT INTO NVMENU_LANG (MENU_CD, LANG, MENU_NM)
VALUES ('0714', 'ko', '로그 관리');
INSERT INTO NVMENU_LANG ( MENU_CD, LANG, MENU_NM)
VALUES ('0715', 'ko', 'PUSH 설정');
INSERT INTO NVMENU_LANG (MENU_CD, LANG, MENU_NM)
VALUES ('0407', 'ko', '브랜드톡 리스트');
INSERT INTO NVMENU_LANG (MENU_CD, LANG, MENU_NM)
VALUES ('0408', 'ko', '브랜드톡 등록');

-- 코드마스터
INSERT INTO NV_CD_MST(CD_CAT, CD, PAR_CD_CAT, VAL, CD_DESC, USE_COL, USE_YN, REG_DTM, MOD_DTM, CD_ORD, LANG)
VALUES ('00', '-', '-', '공통코드 마스터', '공통코드', NULL, 'y', REPLACE(REPLACE(REPLACE(CONVERT(VARCHAR,GETDATE(),120),'-',''),':',''),' ',''), NULL, NULL, 'ko');
INSERT INTO NV_CD_MST(CD_CAT, CD, PAR_CD_CAT, VAL, CD_DESC, USE_COL, USE_YN, REG_DTM, MOD_DTM, CD_ORD, LANG)
VALUES ('1001', '-', '00', '캠페인 관련', '캠페인 관련 코드', NULL, 'y', REPLACE(REPLACE(REPLACE(CONVERT(VARCHAR,GETDATE(),120),'-',''),':',''),' ',''), NULL, NULL, 'ko');
INSERT INTO NV_CD_MST(CD_CAT, CD, PAR_CD_CAT, VAL, CD_DESC, USE_COL, USE_YN, REG_DTM, MOD_DTM, CD_ORD, LANG)
VALUES ('10011', '-', '1001', '캠페인 수행 상태', NULL, 'campaign_sts', 'y', REPLACE(REPLACE(REPLACE(CONVERT(VARCHAR,GETDATE(),120),'-',''),':',''),' ',''), NULL, NULL, 'ko');
INSERT INTO NV_CD_MST(CD_CAT, CD, PAR_CD_CAT, VAL, CD_DESC, USE_COL, USE_YN, REG_DTM, MOD_DTM, CD_ORD, LANG)
VALUES ('100111', '1', '10011', '에러', 'select_schedule 도중', NULL, 'y', REPLACE(REPLACE(REPLACE(CONVERT(VARCHAR,GETDATE(),120),'-',''),':',''),' ',''), NULL, NULL, 'ko');
INSERT INTO NV_CD_MST(CD_CAT, CD, PAR_CD_CAT, VAL, CD_DESC, USE_COL, USE_YN, REG_DTM, MOD_DTM, CD_ORD, LANG)
VALUES ('100111', '2', '10011', '에러', 'make_target 도중', NULL, 'y', REPLACE(REPLACE(REPLACE(CONVERT(VARCHAR,GETDATE(),120),'-',''),':',''),' ',''), NULL, NULL, 'ko');
INSERT INTO NV_CD_MST(CD_CAT, CD, PAR_CD_CAT, VAL, CD_DESC, USE_COL, USE_YN, REG_DTM, MOD_DTM, CD_ORD, LANG)
VALUES ('100111', '3', '10011', '에러', 'mas_send 도중', NULL, 'y', REPLACE(REPLACE(REPLACE(CONVERT(VARCHAR,GETDATE(),120),'-',''),':',''),' ',''), NULL, NULL, 'ko');
INSERT INTO NV_CD_MST(CD_CAT, CD, PAR_CD_CAT, VAL, CD_DESC, USE_COL, USE_YN, REG_DTM, MOD_DTM, CD_ORD, LANG)
VALUES ('100111', 'A', '10011', '승인', 'FormatUtil.java 파일 참조함', NULL, 'y', REPLACE(REPLACE(REPLACE(CONVERT(VARCHAR,GETDATE(),120),'-',''),':',''),' ',''), NULL, NULL, 'ko');
INSERT INTO NV_CD_MST(CD_CAT, CD, PAR_CD_CAT, VAL, CD_DESC, USE_COL, USE_YN, REG_DTM, MOD_DTM, CD_ORD, LANG)
VALUES ('100111', 'C', '10011', '승인요청', '승인요청', NULL, 'y', REPLACE(REPLACE(REPLACE(CONVERT(VARCHAR,GETDATE(),120),'-',''),':',''),' ',''), NULL, NULL, 'ko');
INSERT INTO NV_CD_MST(CD_CAT, CD, PAR_CD_CAT, VAL, CD_DESC, USE_COL, USE_YN, REG_DTM, MOD_DTM, CD_ORD, LANG)
VALUES ('100111', 'D', '10011', '승인거부', 'FormatUtil.java 파일 참조하여 추가', NULL, 'y', REPLACE(REPLACE(REPLACE(CONVERT(VARCHAR,GETDATE(),120),'-',''),':',''),' ',''), NULL, NULL, 'ko');
INSERT INTO NV_CD_MST(CD_CAT, CD, PAR_CD_CAT, VAL, CD_DESC, USE_COL, USE_YN, REG_DTM, MOD_DTM, CD_ORD, LANG)
VALUES ('100111', 'E', '10011', '발송종료', '발송종료', NULL, 'y', REPLACE(REPLACE(REPLACE(CONVERT(VARCHAR,GETDATE(),120),'-',''),':',''),' ',''), NULL, NULL, 'ko');
INSERT INTO NV_CD_MST(CD_CAT, CD, PAR_CD_CAT, VAL, CD_DESC, USE_COL, USE_YN, REG_DTM, MOD_DTM, CD_ORD, LANG)
VALUES ('100111', 'I', '10011', '작성중', '작성중', NULL, 'y', REPLACE(REPLACE(REPLACE(CONVERT(VARCHAR,GETDATE(),120),'-',''),':',''),' ',''), NULL, NULL, 'ko');
INSERT INTO NV_CD_MST(CD_CAT, CD, PAR_CD_CAT, VAL, CD_DESC, USE_COL, USE_YN, REG_DTM, MOD_DTM, CD_ORD, LANG)
VALUES ('100111', 'O', '10011', '발송에러', 'FormatUtil.java 파일 참조하여 추가', NULL, 'y', REPLACE(REPLACE(REPLACE(CONVERT(VARCHAR,GETDATE(),120),'-',''),':',''),' ',''), NULL, NULL, 'ko');
INSERT INTO NV_CD_MST(CD_CAT, CD, PAR_CD_CAT, VAL, CD_DESC, USE_COL, USE_YN, REG_DTM, MOD_DTM, CD_ORD, LANG)
VALUES ('100111', 'P', '10011', '보류', '보류', NULL, 'y', REPLACE(REPLACE(REPLACE(CONVERT(VARCHAR,GETDATE(),120),'-',''),':',''),' ',''), NULL, NULL, 'ko');
INSERT INTO NV_CD_MST(CD_CAT, CD, PAR_CD_CAT, VAL, CD_DESC, USE_COL, USE_YN, REG_DTM, MOD_DTM, CD_ORD, LANG)
VALUES ('100111', 'R', '10011', '발송대기', '발송대기', NULL, 'y', REPLACE(REPLACE(REPLACE(CONVERT(VARCHAR,GETDATE(),120),'-',''),':',''),' ',''), NULL, NULL, 'ko');
INSERT INTO NV_CD_MST(CD_CAT, CD, PAR_CD_CAT, VAL, CD_DESC, USE_COL, USE_YN, REG_DTM, MOD_DTM, CD_ORD, LANG)
VALUES ('100111', 'S', '10011', '일시정지', '일시정지', NULL, 'y', REPLACE(REPLACE(REPLACE(CONVERT(VARCHAR,GETDATE(),120),'-',''),':',''),' ',''), NULL, NULL, 'ko');
INSERT INTO NV_CD_MST(CD_CAT, CD, PAR_CD_CAT, VAL, CD_DESC, USE_COL, USE_YN, REG_DTM, MOD_DTM, CD_ORD, LANG)
VALUES ('100111', 'T', '10011', '발송중단', '발송중단', NULL, 'y', REPLACE(REPLACE(REPLACE(CONVERT(VARCHAR,GETDATE(),120),'-',''),':',''),' ',''), NULL, NULL, 'ko');
INSERT INTO NV_CD_MST(CD_CAT, CD, PAR_CD_CAT, VAL, CD_DESC, USE_COL, USE_YN, REG_DTM, MOD_DTM, CD_ORD, LANG)
VALUES ('100111', 'V', '10011', '분할정지', '분할정지', NULL, 'y', REPLACE(REPLACE(REPLACE(CONVERT(VARCHAR,GETDATE(),120),'-',''),':',''),' ',''), NULL, NULL, 'ko');
INSERT INTO NV_CD_MST(CD_CAT, CD, PAR_CD_CAT, VAL, CD_DESC, USE_COL, USE_YN, REG_DTM, MOD_DTM, CD_ORD, LANG)
VALUES ('100111', 'W', '10011', '발송중', '발송중', NULL, 'y', REPLACE(REPLACE(REPLACE(CONVERT(VARCHAR,GETDATE(),120),'-',''),':',''),' ',''), NULL, NULL, 'ko');
INSERT INTO NV_CD_MST(CD_CAT, CD, PAR_CD_CAT, VAL, CD_DESC, USE_COL, USE_YN, REG_DTM, MOD_DTM, CD_ORD, LANG)
VALUES ('10012', '-', '1001', 'eBasic 수행 상태', NULL, 'campaign_sts', 'y', REPLACE(REPLACE(REPLACE(CONVERT(VARCHAR,GETDATE(),120),'-',''),':',''),' ',''), NULL, NULL, 'ko');
INSERT INTO NV_CD_MST(CD_CAT, CD, PAR_CD_CAT, VAL, CD_DESC, USE_COL, USE_YN, REG_DTM, MOD_DTM, CD_ORD, LANG)
VALUES ('100121', 'A', '10012', '승인완료', '승인완료', NULL, 'y', REPLACE(REPLACE(REPLACE(CONVERT(VARCHAR,GETDATE(),120),'-',''),':',''),' ',''), NULL, NULL, 'ko');
INSERT INTO NV_CD_MST(CD_CAT, CD, PAR_CD_CAT, VAL, CD_DESC, USE_COL, USE_YN, REG_DTM, MOD_DTM, CD_ORD, LANG)
VALUES ('100121', 'C', '10012', '승인요청', '승인요청', NULL, 'y', REPLACE(REPLACE(REPLACE(CONVERT(VARCHAR,GETDATE(),120),'-',''),':',''),' ',''), NULL, NULL, 'ko');
INSERT INTO NV_CD_MST(CD_CAT, CD, PAR_CD_CAT, VAL, CD_DESC, USE_COL, USE_YN, REG_DTM, MOD_DTM, CD_ORD, LANG)
VALUES ('100121', 'D', '10012', '승인거부', '승인거부', NULL, 'y', REPLACE(REPLACE(REPLACE(CONVERT(VARCHAR,GETDATE(),120),'-',''),':',''),' ',''), NULL, NULL, 'ko');
INSERT INTO NV_CD_MST(CD_CAT, CD, PAR_CD_CAT, VAL, CD_DESC, USE_COL, USE_YN, REG_DTM, MOD_DTM, CD_ORD, LANG)
VALUES ('100121', 'E', '10012', '발송종료', '발송종료', NULL, 'y', REPLACE(REPLACE(REPLACE(CONVERT(VARCHAR,GETDATE(),120),'-',''),':',''),' ',''), NULL, NULL, 'ko');
INSERT INTO NV_CD_MST(CD_CAT, CD, PAR_CD_CAT, VAL, CD_DESC, USE_COL, USE_YN, REG_DTM, MOD_DTM, CD_ORD, LANG)
VALUES ('100121', 'I', '10012', '작성중', '작성중', NULL, 'y', REPLACE(REPLACE(REPLACE(CONVERT(VARCHAR,GETDATE(),120),'-',''),':',''),' ',''), NULL, NULL, 'ko');
INSERT INTO NV_CD_MST(CD_CAT, CD, PAR_CD_CAT, VAL, CD_DESC, USE_COL, USE_YN, REG_DTM, MOD_DTM, CD_ORD, LANG)
VALUES ('100121', 'O', '10012', '발송에러', '발송에러 (조사필요함)', NULL, 'y', REPLACE(REPLACE(REPLACE(CONVERT(VARCHAR,GETDATE(),120),'-',''),':',''),' ',''), NULL, NULL, 'ko');
INSERT INTO NV_CD_MST(CD_CAT, CD, PAR_CD_CAT, VAL, CD_DESC, USE_COL, USE_YN, REG_DTM, MOD_DTM, CD_ORD, LANG)
VALUES ('100121', 'R', '10012', '준비', '준비', NULL, 'y', REPLACE(REPLACE(REPLACE(CONVERT(VARCHAR,GETDATE(),120),'-',''),':',''),' ',''), NULL, NULL, 'ko');
INSERT INTO NV_CD_MST(CD_CAT, CD, PAR_CD_CAT, VAL, CD_DESC, USE_COL, USE_YN, REG_DTM, MOD_DTM, CD_ORD, LANG)
VALUES ('10020', '-', '1001', '진행상태', NULL, 'result_sts', 'y', REPLACE(REPLACE(REPLACE(CONVERT(VARCHAR,GETDATE(),120),'-',''),':',''),' ',''), NULL, NULL, 'ko');
INSERT INTO NV_CD_MST(CD_CAT, CD, PAR_CD_CAT, VAL, CD_DESC, USE_COL, USE_YN, REG_DTM, MOD_DTM, CD_ORD, LANG)
VALUES ('100201', 'MS', '10020', 'MAS 작업시작', 'MAS 작업시작(3.0 서버 사용시)', NULL, 'y', REPLACE(REPLACE(REPLACE(CONVERT(VARCHAR,GETDATE(),120),'-',''),':',''),' ',''), NULL, NULL, 'ko');
INSERT INTO NV_CD_MST(CD_CAT, CD, PAR_CD_CAT, VAL, CD_DESC, USE_COL, USE_YN, REG_DTM, MOD_DTM, CD_ORD, LANG)
VALUES ('100201', 'LW', '10020', '진행중', '진행중(3.0 서버 사용시)', NULL, 'y', REPLACE(REPLACE(REPLACE(CONVERT(VARCHAR,GETDATE(),120),'-',''),':',''),' ',''), NULL, NULL, 'ko');
INSERT INTO NV_CD_MST(CD_CAT, CD, PAR_CD_CAT, VAL, CD_DESC, USE_COL, USE_YN, REG_DTM, MOD_DTM, CD_ORD, LANG)
VALUES ('100201', 'SE', '10020', '종료', '종료(3.0 서버 사용시)', NULL, 'y', REPLACE(REPLACE(REPLACE(CONVERT(VARCHAR,GETDATE(),120),'-',''),':',''),' ',''), NULL, NULL, 'ko');
INSERT INTO NV_CD_MST(CD_CAT, CD, PAR_CD_CAT, VAL, CD_DESC, USE_COL, USE_YN, REG_DTM, MOD_DTM, CD_ORD, LANG)
VALUES ('100201', 'XE', '10020', '발송완료', '발송완료', NULL, 'y', REPLACE(REPLACE(REPLACE(CONVERT(VARCHAR,GETDATE(),120),'-',''),':',''),' ',''), NULL, NULL, 'ko');
INSERT INTO NV_CD_MST(CD_CAT, CD, PAR_CD_CAT, VAL, CD_DESC, USE_COL, USE_YN, REG_DTM, MOD_DTM, CD_ORD, LANG)
VALUES ('100201', 'XO', '10020', '에러', '에러', NULL, 'y', REPLACE(REPLACE(REPLACE(CONVERT(VARCHAR,GETDATE(),120),'-',''),':',''),' ',''), NULL, NULL, 'ko');
INSERT INTO NV_CD_MST(CD_CAT, CD, PAR_CD_CAT, VAL, CD_DESC, USE_COL, USE_YN, REG_DTM, MOD_DTM, CD_ORD, LANG)
VALUES ('100201', 'XR', '10020', '준비중', '준비중', NULL, 'y', REPLACE(REPLACE(REPLACE(CONVERT(VARCHAR,GETDATE(),120),'-',''),':',''),' ',''), NULL, NULL, 'ko');
INSERT INTO NV_CD_MST(CD_CAT, CD, PAR_CD_CAT, VAL, CD_DESC, USE_COL, USE_YN, REG_DTM, MOD_DTM, CD_ORD, LANG)
VALUES ('100201', 'XS', '10020', '일시정지', '일시정지', NULL, 'y', REPLACE(REPLACE(REPLACE(CONVERT(VARCHAR,GETDATE(),120),'-',''),':',''),' ',''), NULL, NULL, 'ko');
INSERT INTO NV_CD_MST(CD_CAT, CD, PAR_CD_CAT, VAL, CD_DESC, USE_COL, USE_YN, REG_DTM, MOD_DTM, CD_ORD, LANG)
VALUES ('100201', 'XT', '10020', '중지', '중지', NULL, 'y', REPLACE(REPLACE(REPLACE(CONVERT(VARCHAR,GETDATE(),120),'-',''),':',''),' ',''), NULL, NULL, 'ko');
INSERT INTO NV_CD_MST(CD_CAT, CD, PAR_CD_CAT, VAL, CD_DESC, USE_COL, USE_YN, REG_DTM, MOD_DTM, CD_ORD, LANG)
VALUES ('100201', 'XW', '10020', '작업중', '작업중', NULL, 'y', REPLACE(REPLACE(REPLACE(CONVERT(VARCHAR,GETDATE(),120),'-',''),':',''),' ',''), NULL, NULL, 'ko');
INSERT INTO NV_CD_MST(CD_CAT, CD, PAR_CD_CAT, VAL, CD_DESC, USE_COL, USE_YN, REG_DTM, MOD_DTM, CD_ORD, LANG)
VALUES ('10022', '-', '1001', '발송 채널 타입', '발송 채널 타입', 'relation_type', 'y', REPLACE(REPLACE(REPLACE(CONVERT(VARCHAR,GETDATE(),120),'-',''),':',''),' ',''), NULL, NULL, 'ko');
INSERT INTO NV_CD_MST(CD_CAT, CD, PAR_CD_CAT, VAL, CD_DESC, USE_COL, USE_YN, REG_DTM, MOD_DTM, CD_ORD, LANG)
VALUES ('100221', 'L', '10022', '반응', '반응', NULL, 'y', REPLACE(REPLACE(REPLACE(CONVERT(VARCHAR,GETDATE(),120),'-',''),':',''),' ',''), NULL, NULL, 'ko');
INSERT INTO NV_CD_MST(CD_CAT, CD, PAR_CD_CAT, VAL, CD_DESC, USE_COL, USE_YN, REG_DTM, MOD_DTM, CD_ORD, LANG)
VALUES ('100221', 'N', '10022', '일반', '일반발송', NULL, 'y', REPLACE(REPLACE(REPLACE(CONVERT(VARCHAR,GETDATE(),120),'-',''),':',''),' ',''), NULL, NULL, 'ko');
INSERT INTO NV_CD_MST(CD_CAT, CD, PAR_CD_CAT, VAL, CD_DESC, USE_COL, USE_YN, REG_DTM, MOD_DTM, CD_ORD, LANG)
VALUES ('100221', 'R', '10022', '재발송', '재발송', NULL, 'y', REPLACE(REPLACE(REPLACE(CONVERT(VARCHAR,GETDATE(),120),'-',''),':',''),' ',''), NULL, NULL, 'ko');
INSERT INTO NV_CD_MST(CD_CAT, CD, PAR_CD_CAT, VAL, CD_DESC, USE_COL, USE_YN, REG_DTM, MOD_DTM, CD_ORD, LANG)
VALUES ('100221', 'S', '10022', '성공', '성공', NULL, 'y', REPLACE(REPLACE(REPLACE(CONVERT(VARCHAR,GETDATE(),120),'-',''),':',''),' ',''), NULL, NULL, 'ko');
INSERT INTO NV_CD_MST(CD_CAT, CD, PAR_CD_CAT, VAL, CD_DESC, USE_COL, USE_YN, REG_DTM, MOD_DTM, CD_ORD, LANG)
VALUES ('100221', 'F', '10022', '실패', '실패', NULL, 'y', REPLACE(REPLACE(REPLACE(CONVERT(VARCHAR,GETDATE(),120),'-',''),':',''),' ',''), NULL, NULL, 'ko');
INSERT INTO NV_CD_MST(CD_CAT, CD, PAR_CD_CAT, VAL, CD_DESC, USE_COL, USE_YN, REG_DTM, MOD_DTM, CD_ORD, LANG)
VALUES ('100221', 'O', '10022', '오픈', '오픈', NULL, 'y', REPLACE(REPLACE(REPLACE(CONVERT(VARCHAR,GETDATE(),120),'-',''),':',''),' ',''), NULL, NULL, 'ko');
INSERT INTO NV_CD_MST(CD_CAT, CD, PAR_CD_CAT, VAL, CD_DESC, USE_COL, USE_YN, REG_DTM, MOD_DTM, CD_ORD, LANG)
VALUES ('2001', '-', '00', '이케어 관련', '이케어 관련 코드', NULL, 'y', REPLACE(REPLACE(REPLACE(CONVERT(VARCHAR,GETDATE(),120),'-',''),':',''),' ',''), NULL, NULL, 'ko');
INSERT INTO NV_CD_MST(CD_CAT, CD, PAR_CD_CAT, VAL, CD_DESC, USE_COL, USE_YN, REG_DTM, MOD_DTM, CD_ORD, LANG)
VALUES ('20011', '-', '2001', '이케어 수행상태', '이케어 수행상태', 'ecare_sts', 'y', REPLACE(REPLACE(REPLACE(CONVERT(VARCHAR,GETDATE(),120),'-',''),':',''),' ',''), NULL, NULL, 'ko');
INSERT INTO NV_CD_MST(CD_CAT, CD, PAR_CD_CAT, VAL, CD_DESC, USE_COL, USE_YN, REG_DTM, MOD_DTM, CD_ORD, LANG)
VALUES ('200111', 'I', '20011', '작성중', '작성중', NULL, 'y', REPLACE(REPLACE(REPLACE(CONVERT(VARCHAR,GETDATE(),120),'-',''),':',''),' ',''), NULL, NULL, 'ko');
INSERT INTO NV_CD_MST(CD_CAT, CD, PAR_CD_CAT, VAL, CD_DESC, USE_COL, USE_YN, REG_DTM, MOD_DTM, CD_ORD, LANG)
VALUES ('200111', 'P', '20011', '중지', '중지', NULL, 'y', REPLACE(REPLACE(REPLACE(CONVERT(VARCHAR,GETDATE(),120),'-',''),':',''),' ',''), NULL, NULL, 'ko');
INSERT INTO NV_CD_MST(CD_CAT, CD, PAR_CD_CAT, VAL, CD_DESC, USE_COL, USE_YN, REG_DTM, MOD_DTM, CD_ORD, LANG)
VALUES ('200111', 'R', '20011', '실행', '실행', NULL, 'y', REPLACE(REPLACE(REPLACE(CONVERT(VARCHAR,GETDATE(),120),'-',''),':',''),' ',''), NULL, NULL, 'ko');
INSERT INTO NV_CD_MST(CD_CAT, CD, PAR_CD_CAT, VAL, CD_DESC, USE_COL, USE_YN, REG_DTM, MOD_DTM, CD_ORD, LANG)
VALUES ('200111', 'S', '20011', '일시정지', '일시정지', NULL, 'y', REPLACE(REPLACE(REPLACE(CONVERT(VARCHAR,GETDATE(),120),'-',''),':',''),' ',''), NULL, NULL, 'ko');
INSERT INTO NV_CD_MST(CD_CAT, CD, PAR_CD_CAT, VAL, CD_DESC, USE_COL, USE_YN, REG_DTM, MOD_DTM, CD_ORD, LANG)
VALUES ('200111', 'T', '20011', '점검중', '점검중', NULL, 'y', REPLACE(REPLACE(REPLACE(CONVERT(VARCHAR,GETDATE(),120),'-',''),':',''),' ',''), NULL, NULL, 'ko');
INSERT INTO NV_CD_MST(CD_CAT, CD, PAR_CD_CAT, VAL, CD_DESC, USE_COL, USE_YN, REG_DTM, MOD_DTM, CD_ORD, LANG)
VALUES ('20013', '-', '2001', '이케어 서비스 타입', '이케어 서비스 타입', 'service_type', 'y', REPLACE(REPLACE(REPLACE(CONVERT(VARCHAR,GETDATE(),120),'-',''),':',''),' ',''), NULL, NULL, 'ko');
INSERT INTO NV_CD_MST(CD_CAT, CD, PAR_CD_CAT, VAL, CD_DESC, USE_COL, USE_YN, REG_DTM, MOD_DTM, CD_ORD, LANG)
VALUES ('200131', 'SN', '20013', '준실시간', '준실시간', NULL, 'y', REPLACE(REPLACE(REPLACE(CONVERT(VARCHAR,GETDATE(),120),'-',''),':',''),' ',''), NULL, NULL, 'ko');
INSERT INTO NV_CD_MST(CD_CAT, CD, PAR_CD_CAT, VAL, CD_DESC, USE_COL, USE_YN, REG_DTM, MOD_DTM, CD_ORD, LANG)
VALUES ('200131', 'SR', '20013', '스케쥴(분)', '스케쥴(분)', NULL, 'y', REPLACE(REPLACE(REPLACE(CONVERT(VARCHAR,GETDATE(),120),'-',''),':',''),' ',''), NULL, NULL, 'ko');
INSERT INTO NV_CD_MST(CD_CAT, CD, PAR_CD_CAT, VAL, CD_DESC, USE_COL, USE_YN, REG_DTM, MOD_DTM, CD_ORD, LANG)
VALUES ('200131', 'SS', '20013', '스케쥴', '스케쥴', NULL, 'y', REPLACE(REPLACE(REPLACE(CONVERT(VARCHAR,GETDATE(),120),'-',''),':',''),' ',''), NULL, NULL, 'ko');
INSERT INTO NV_CD_MST(CD_CAT, CD, PAR_CD_CAT, VAL, CD_DESC, USE_COL, USE_YN, REG_DTM, MOD_DTM, CD_ORD, LANG)
VALUES ('20014', '-', '2001', '이케어 스케쥴 서브 타입', '이케어 스케쥴 서브 타입', 'sub_type', 'y', REPLACE(REPLACE(REPLACE(CONVERT(VARCHAR,GETDATE(),120),'-',''),':',''),' ',''), NULL, NULL, 'ko');
INSERT INTO NV_CD_MST(CD_CAT, CD, PAR_CD_CAT, VAL, CD_DESC, USE_COL, USE_YN, REG_DTM, MOD_DTM, CD_ORD, LANG)
VALUES ('200141', 'N', '20014', '준실시간', '준실시간', NULL, 'y', REPLACE(REPLACE(REPLACE(CONVERT(VARCHAR,GETDATE(),120),'-',''),':',''),' ',''), NULL, NULL, 'ko');
INSERT INTO NV_CD_MST(CD_CAT, CD, PAR_CD_CAT, VAL, CD_DESC, USE_COL, USE_YN, REG_DTM, MOD_DTM, CD_ORD, LANG)
VALUES ('200141', 'R', '20014', '스케쥴(분)', '스케쥴(분)', NULL, 'y', REPLACE(REPLACE(REPLACE(CONVERT(VARCHAR,GETDATE(),120),'-',''),':',''),' ',''), NULL, NULL, 'ko');
INSERT INTO NV_CD_MST(CD_CAT, CD, PAR_CD_CAT, VAL, CD_DESC, USE_COL, USE_YN, REG_DTM, MOD_DTM, CD_ORD, LANG)
VALUES ('200141', 'S', '20014', '스케쥴', '스케쥴', NULL, 'y', REPLACE(REPLACE(REPLACE(CONVERT(VARCHAR,GETDATE(),120),'-',''),':',''),' ',''), NULL, NULL, 'ko');
INSERT INTO NV_CD_MST(CD_CAT, CD, PAR_CD_CAT, VAL, CD_DESC, USE_COL, USE_YN, REG_DTM, MOD_DTM, CD_ORD, LANG)
VALUES ('4001', '-', '00', '리포트 관련', NULL, NULL, 'y', REPLACE(REPLACE(REPLACE(CONVERT(VARCHAR,GETDATE(),120),'-',''),':',''),' ',''), NULL, NULL, 'ko');
INSERT INTO NV_CD_MST(CD_CAT, CD, PAR_CD_CAT, VAL, CD_DESC, USE_COL, USE_YN, REG_DTM, MOD_DTM, CD_ORD, LANG)
VALUES ('C000', '-', '00', '공통코드', '전체 프로그램에서 사용되는 공통코드', NULL, 'y', REPLACE(REPLACE(REPLACE(CONVERT(VARCHAR,GETDATE(),120),'-',''),':',''),' ',''), NULL, NULL, 'ko');
INSERT INTO NV_CD_MST(CD_CAT, CD, PAR_CD_CAT, VAL, CD_DESC, USE_COL, USE_YN, REG_DTM, MOD_DTM, CD_ORD, LANG)
VALUES ('C0001', '-', 'C000', '메일 에러코드 soft bounce', '메일 에러코드 soft bounce', 'err_cd', 'y', REPLACE(REPLACE(REPLACE(CONVERT(VARCHAR,GETDATE(),120),'-',''),':',''),' ',''), NULL, NULL, 'ko');
INSERT INTO NV_CD_MST(CD_CAT, CD, PAR_CD_CAT, VAL, CD_DESC, USE_COL, USE_YN, REG_DTM, MOD_DTM, CD_ORD, LANG)
VALUES ('C00001', '250', 'C0001', '발송 성공', '발송 성공', NULL, 'y', REPLACE(REPLACE(REPLACE(CONVERT(VARCHAR,GETDATE(),120),'-',''),':',''),' ',''), NULL, NULL, 'ko');
INSERT INTO NV_CD_MST(CD_CAT, CD, PAR_CD_CAT, VAL, CD_DESC, USE_COL, USE_YN, REG_DTM, MOD_DTM, CD_ORD, LANG)
VALUES ('C00011', '421', 'C0001', '서비스 활용 불가능(상대방 SMTP의 시스템 문제)', '서비스 활용 불가능(상대방 SMTP의 시스템 문제)', NULL, 'y', REPLACE(REPLACE(REPLACE(CONVERT(VARCHAR,GETDATE(),120),'-',''),':',''),' ',''), NULL, NULL, 'ko');
INSERT INTO NV_CD_MST(CD_CAT, CD, PAR_CD_CAT, VAL, CD_DESC, USE_COL, USE_YN, REG_DTM, MOD_DTM, CD_ORD, LANG)
VALUES ('C00011', '450', 'C0001', '우편함이 잠긴 상태', '우편함이 잠긴 상태', NULL, 'y', REPLACE(REPLACE(REPLACE(CONVERT(VARCHAR,GETDATE(),120),'-',''),':',''),' ',''), NULL, NULL, 'ko');
INSERT INTO NV_CD_MST(CD_CAT, CD, PAR_CD_CAT, VAL, CD_DESC, USE_COL, USE_YN, REG_DTM, MOD_DTM, CD_ORD, LANG)
VALUES ('C00011', '451', 'C0001', '서버에러 (상대방 SMTP의 시스템 문제)', '서버에러 (상대방 SMTP의 시스템 문제)', NULL, 'y', REPLACE(REPLACE(REPLACE(CONVERT(VARCHAR,GETDATE(),120),'-',''),':',''),' ',''), NULL, NULL, 'ko');
INSERT INTO NV_CD_MST(CD_CAT, CD, PAR_CD_CAT, VAL, CD_DESC, USE_COL, USE_YN, REG_DTM, MOD_DTM, CD_ORD, LANG)
VALUES ('C00011', '452', 'C0001', '시스템 저장 공간이 부족함', '시스템 저장 공간이 부족함', NULL, 'y', REPLACE(REPLACE(REPLACE(CONVERT(VARCHAR,GETDATE(),120),'-',''),':',''),' ',''), NULL, NULL, 'ko');
INSERT INTO NV_CD_MST(CD_CAT, CD, PAR_CD_CAT, VAL, CD_DESC, USE_COL, USE_YN, REG_DTM, MOD_DTM, CD_ORD, LANG)
VALUES ('C00011', '552', 'C0001', '메일 박스 용량 초과', '메일 박스 용량 초과', NULL, 'y', REPLACE(REPLACE(REPLACE(CONVERT(VARCHAR,GETDATE(),120),'-',''),':',''),' ',''), NULL, NULL, 'ko');
INSERT INTO NV_CD_MST(CD_CAT, CD, PAR_CD_CAT, VAL, CD_DESC, USE_COL, USE_YN, REG_DTM, MOD_DTM, CD_ORD, LANG)
VALUES ('C00011', '554', 'C0001', '트랜잭션이 실패함', '트랜잭션이 실패함', NULL, 'y', REPLACE(REPLACE(REPLACE(CONVERT(VARCHAR,GETDATE(),120),'-',''),':',''),' ',''), NULL, NULL, 'ko');
INSERT INTO NV_CD_MST(CD_CAT, CD, PAR_CD_CAT, VAL, CD_DESC, USE_COL, USE_YN, REG_DTM, MOD_DTM, CD_ORD, LANG)
VALUES ('C00011', '600', 'C0001', '호스트가 바쁘거나 요청된 포트에서 서비스가 제공되지 않음', '호스트가 바쁘거나 요청된 포트에서 서비스가 제공되지 않음', NULL, 'y', REPLACE(REPLACE(REPLACE(CONVERT(VARCHAR,GETDATE(),120),'-',''),':',''),' ',''), NULL, NULL, 'ko');
INSERT INTO NV_CD_MST(CD_CAT, CD, PAR_CD_CAT, VAL, CD_DESC, USE_COL, USE_YN, REG_DTM, MOD_DTM, CD_ORD, LANG)
VALUES ('C00011', '601', 'C0001', '연결 시간 초과', '연결 시간 초과', NULL, 'y', REPLACE(REPLACE(REPLACE(CONVERT(VARCHAR,GETDATE(),120),'-',''),':',''),' ',''), NULL, NULL, 'ko');
INSERT INTO NV_CD_MST(CD_CAT, CD, PAR_CD_CAT, VAL, CD_DESC, USE_COL, USE_YN, REG_DTM, MOD_DTM, CD_ORD, LANG)
VALUES ('C00011', '602', 'C0001', 'Connection Failure', 'Connection Failure', NULL, 'y', REPLACE(REPLACE(REPLACE(CONVERT(VARCHAR,GETDATE(),120),'-',''),':',''),' ',''), NULL, NULL, 'ko');
INSERT INTO NV_CD_MST(CD_CAT, CD, PAR_CD_CAT, VAL, CD_DESC, USE_COL, USE_YN, REG_DTM, MOD_DTM, CD_ORD, LANG)
VALUES ('C00011', '603', 'C0001', 'Connection Error', 'Connection Error', NULL, 'y', REPLACE(REPLACE(REPLACE(CONVERT(VARCHAR,GETDATE(),120),'-',''),':',''),' ',''), NULL, NULL, 'ko');
INSERT INTO NV_CD_MST(CD_CAT, CD, PAR_CD_CAT, VAL, CD_DESC, USE_COL, USE_YN, REG_DTM, MOD_DTM, CD_ORD, LANG)
VALUES ('C00011', '604', 'C0001', '응답을 기다리던 중 접속이 끊기거나 IOException이 발생', '응답을 기다리던 중 접속이 끊기거나 IOException이 발생', NULL, 'y', REPLACE(REPLACE(REPLACE(CONVERT(VARCHAR,GETDATE(),120),'-',''),':',''),' ',''), NULL, NULL, 'ko');
INSERT INTO NV_CD_MST(CD_CAT, CD, PAR_CD_CAT, VAL, CD_DESC, USE_COL, USE_YN, REG_DTM, MOD_DTM, CD_ORD, LANG)
VALUES ('C00011', '700', 'C0001', '통신 중 접속이 끊어짐', '통신 중 접속이 끊어짐', NULL, 'y', REPLACE(REPLACE(REPLACE(CONVERT(VARCHAR,GETDATE(),120),'-',''),':',''),' ',''), NULL, NULL, 'ko');
INSERT INTO NV_CD_MST(CD_CAT, CD, PAR_CD_CAT, VAL, CD_DESC, USE_COL, USE_YN, REG_DTM, MOD_DTM, CD_ORD, LANG)
VALUES ('C00011', '701', 'C0001', 'IOException', 'IOException', NULL, 'y', REPLACE(REPLACE(REPLACE(CONVERT(VARCHAR,GETDATE(),120),'-',''),':',''),' ',''), NULL, NULL, 'ko');
INSERT INTO NV_CD_MST(CD_CAT, CD, PAR_CD_CAT, VAL, CD_DESC, USE_COL, USE_YN, REG_DTM, MOD_DTM, CD_ORD, LANG)
VALUES ('C00011', '702', 'C0001', '응답 코드의 길이가 3 이하', '응답 코드의 길이가 3이하', NULL, 'y', REPLACE(REPLACE(REPLACE(CONVERT(VARCHAR,GETDATE(),120),'-',''),':',''),' ',''), NULL, NULL, 'ko');
INSERT INTO NV_CD_MST(CD_CAT, CD, PAR_CD_CAT, VAL, CD_DESC, USE_COL, USE_YN, REG_DTM, MOD_DTM, CD_ORD, LANG)
VALUES ('C00011', '703', 'C0001', '명령어 전송 또는 응답 코드를 기다리는 중 IOException', '명령어 전송 또는 응답 코드를 기다리는 중 IOException', NULL, 'y', REPLACE(REPLACE(REPLACE(CONVERT(VARCHAR,GETDATE(),120),'-',''),':',''),' ',''), NULL, NULL, 'ko');
INSERT INTO NV_CD_MST(CD_CAT, CD, PAR_CD_CAT, VAL, CD_DESC, USE_COL, USE_YN, REG_DTM, MOD_DTM, CD_ORD, LANG)
VALUES ('C00011', '704', 'C0001', 'SMTP Time out', 'SMTP Time out', NULL, 'y', REPLACE(REPLACE(REPLACE(CONVERT(VARCHAR,GETDATE(),120),'-',''),':',''),' ',''), NULL, NULL, 'ko');
INSERT INTO NV_CD_MST(CD_CAT, CD, PAR_CD_CAT, VAL, CD_DESC, USE_COL, USE_YN, REG_DTM, MOD_DTM, CD_ORD, LANG)
VALUES ('C00011', '888', 'C0001', '기타 건수', '기타 건수', NULL, 'y', REPLACE(REPLACE(REPLACE(CONVERT(VARCHAR,GETDATE(),120),'-',''),':',''),' ',''), NULL, NULL, 'ko');
INSERT INTO NV_CD_MST(CD_CAT, CD, PAR_CD_CAT, VAL, CD_DESC, USE_COL, USE_YN, REG_DTM, MOD_DTM, CD_ORD, LANG)
VALUES ('C00011', '999', 'C0001', '수신 거부된 사용자', '수신 거부된 사용자', NULL, 'y', REPLACE(REPLACE(REPLACE(CONVERT(VARCHAR,GETDATE(),120),'-',''),':',''),' ',''), NULL, NULL, 'ko');
INSERT INTO NV_CD_MST(CD_CAT, CD, PAR_CD_CAT, VAL, CD_DESC, USE_COL, USE_YN, REG_DTM, MOD_DTM, CD_ORD, LANG)
VALUES ('C0002', '-', 'C000', '메일 에러코드 hard bounce', '메일 에러코드 hard bounce', 'err_cd', 'y', REPLACE(REPLACE(REPLACE(CONVERT(VARCHAR,GETDATE(),120),'-',''),':',''),' ',''), NULL, NULL, 'ko');
INSERT INTO NV_CD_MST(CD_CAT, CD, PAR_CD_CAT, VAL, CD_DESC, USE_COL, USE_YN, REG_DTM, MOD_DTM, CD_ORD, LANG)
VALUES ('C00021', '550', 'C0002', '사용자 없음', '사용자 없음', NULL, 'y', REPLACE(REPLACE(REPLACE(CONVERT(VARCHAR,GETDATE(),120),'-',''),':',''),' ',''), NULL, NULL, 'ko');
INSERT INTO NV_CD_MST(CD_CAT, CD, PAR_CD_CAT, VAL, CD_DESC, USE_COL, USE_YN, REG_DTM, MOD_DTM, CD_ORD, LANG)
VALUES ('C00021', '553', 'C0002', '우편함 이름이 유효하지 않아서 명령어가 중단됨', '우편함 이름이 유효하지 않아서 명령어가 중단됨', NULL, 'y', REPLACE(REPLACE(REPLACE(CONVERT(VARCHAR,GETDATE(),120),'-',''),':',''),' ',''), NULL, NULL, 'ko');
INSERT INTO NV_CD_MST(CD_CAT, CD, PAR_CD_CAT, VAL, CD_DESC, USE_COL, USE_YN, REG_DTM, MOD_DTM, CD_ORD, LANG)
VALUES ('C00021', '610', 'C0002', 'Unknown Host', 'Unknown Host', NULL, 'y', REPLACE(REPLACE(REPLACE(CONVERT(VARCHAR,GETDATE(),120),'-',''),':',''),' ',''), NULL, NULL, 'ko');
INSERT INTO NV_CD_MST(CD_CAT, CD, PAR_CD_CAT, VAL, CD_DESC, USE_COL, USE_YN, REG_DTM, MOD_DTM, CD_ORD, LANG)
VALUES ('C00021', '800', 'C0002', 'Invalid Address', 'Invalid Address', NULL, 'y', REPLACE(REPLACE(REPLACE(CONVERT(VARCHAR,GETDATE(),120),'-',''),':',''),' ',''), NULL, NULL, 'ko');
INSERT INTO NV_CD_MST(CD_CAT, CD, PAR_CD_CAT, VAL, CD_DESC, USE_COL, USE_YN, REG_DTM, MOD_DTM, CD_ORD, LANG)
VALUES ('C0006', '-', 'C000', '사용자 권한', '사용자 권한', 'usertype_cd', 'y', REPLACE(REPLACE(REPLACE(CONVERT(VARCHAR,GETDATE(),120),'-',''),':',''),' ',''), NULL, NULL, 'ko');
INSERT INTO NV_CD_MST(CD_CAT, CD, PAR_CD_CAT, VAL, CD_DESC, USE_COL, USE_YN, REG_DTM, MOD_DTM, CD_ORD, LANG)
VALUES ('C00061', 'A', 'C0006', 'ADMIN', '관리자', NULL, 'y', REPLACE(REPLACE(REPLACE(CONVERT(VARCHAR,GETDATE(),120),'-',''),':',''),' ',''), NULL, NULL, 'ko');
INSERT INTO NV_CD_MST(CD_CAT, CD, PAR_CD_CAT, VAL, CD_DESC, USE_COL, USE_YN, REG_DTM, MOD_DTM, CD_ORD, LANG)
VALUES ('C00061', 'M', 'C0006', 'MANAGER', '매니저', NULL, 'y', REPLACE(REPLACE(REPLACE(CONVERT(VARCHAR,GETDATE(),120),'-',''),':',''),' ',''), NULL, NULL, 'ko');
INSERT INTO NV_CD_MST(CD_CAT, CD, PAR_CD_CAT, VAL, CD_DESC, USE_COL, USE_YN, REG_DTM, MOD_DTM, CD_ORD, LANG)
VALUES ('C00061', 'U', 'C0006', 'USER', '유저', NULL, 'y', REPLACE(REPLACE(REPLACE(CONVERT(VARCHAR,GETDATE(),120),'-',''),':',''),' ',''), NULL, NULL, 'ko');
INSERT INTO NV_CD_MST(CD_CAT, CD, PAR_CD_CAT, VAL, CD_DESC, USE_COL, USE_YN, REG_DTM, MOD_DTM, CD_ORD, LANG)
VALUES ('KA001', '-', '00', '알림톡 템플릿', '알림톡 템플릿 관련 코드', NULL, 'y', REPLACE(REPLACE(REPLACE(CONVERT(VARCHAR,GETDATE(),120),'-',''),':',''),' ',''), NULL, NULL, 'ko');
INSERT INTO NV_CD_MST(CD_CAT, CD, PAR_CD_CAT, VAL, CD_DESC, USE_COL, USE_YN, REG_DTM, MOD_DTM, CD_ORD, LANG)
VALUES ('KA011', 'REG', 'KA01', '등록', '등록', NULL, 'y', REPLACE(REPLACE(REPLACE(CONVERT(VARCHAR,GETDATE(),120),'-',''),':',''),' ',''), NULL, NULL, 'ko');
INSERT INTO NV_CD_MST(CD_CAT, CD, PAR_CD_CAT, VAL, CD_DESC, USE_COL, USE_YN, REG_DTM, MOD_DTM, CD_ORD, LANG)
VALUES ('KA011', 'REQ', 'KA01', '심사 요청', '심사 요청', NULL, 'y', REPLACE(REPLACE(REPLACE(CONVERT(VARCHAR,GETDATE(),120),'-',''),':',''),' ',''), NULL, NULL, 'ko');
INSERT INTO NV_CD_MST(CD_CAT, CD, PAR_CD_CAT, VAL, CD_DESC, USE_COL, USE_YN, REG_DTM, MOD_DTM, CD_ORD, LANG)
VALUES ('KA011', 'APR', 'KA01', '승인', '승인', NULL, 'y', REPLACE(REPLACE(REPLACE(CONVERT(VARCHAR,GETDATE(),120),'-',''),':',''),' ',''), NULL, NULL, 'ko');
INSERT INTO NV_CD_MST(CD_CAT, CD, PAR_CD_CAT, VAL, CD_DESC, USE_COL, USE_YN, REG_DTM, MOD_DTM, CD_ORD, LANG)
VALUES ('KA011', 'REJ', 'KA01', '반려', '반려', NULL, 'y', REPLACE(REPLACE(REPLACE(CONVERT(VARCHAR,GETDATE(),120),'-',''),':',''),' ',''), NULL, NULL, 'ko');
INSERT INTO NV_CD_MST(CD_CAT, CD, PAR_CD_CAT, VAL, CD_DESC, USE_COL, USE_YN, REG_DTM, MOD_DTM, CD_ORD, LANG)
VALUES ('KA012', 'S', 'KA01', '중단', '중단', NULL, 'y', REPLACE(REPLACE(REPLACE(CONVERT(VARCHAR,GETDATE(),120),'-',''),':',''),' ',''), NULL, NULL, 'ko');
INSERT INTO NV_CD_MST(CD_CAT, CD, PAR_CD_CAT, VAL, CD_DESC, USE_COL, USE_YN, REG_DTM, MOD_DTM, CD_ORD, LANG)
VALUES ('KA012', 'A', 'KA01', '정상', '정상', NULL, 'y', REPLACE(REPLACE(REPLACE(CONVERT(VARCHAR,GETDATE(),120),'-',''),':',''),' ',''), NULL, NULL, 'ko');
INSERT INTO NV_CD_MST(CD_CAT, CD, PAR_CD_CAT, VAL, CD_DESC, USE_COL, USE_YN, REG_DTM, MOD_DTM, CD_ORD, LANG)
VALUES ('KA012', 'R', 'KA01', '대기', '대기', NULL, 'y', REPLACE(REPLACE(REPLACE(CONVERT(VARCHAR,GETDATE(),120),'-',''),':',''),' ',''), NULL, NULL, 'ko');
INSERT INTO NV_CD_MST(CD_CAT, CD, PAR_CD_CAT, VAL, CD_DESC, USE_COL, USE_YN, REG_DTM, MOD_DTM, CD_ORD, LANG)
VALUES ('KA013', 'INQ', 'KA01', '문의', '문의', NULL, 'y', REPLACE(REPLACE(REPLACE(CONVERT(VARCHAR,GETDATE(),120),'-',''),':',''),' ',''), NULL, NULL, 'ko');
INSERT INTO NV_CD_MST(CD_CAT, CD, PAR_CD_CAT, VAL, CD_DESC, USE_COL, USE_YN, REG_DTM, MOD_DTM, CD_ORD, LANG)
VALUES ('KA013', 'REP', 'KA01', '답변', '답변', NULL, 'y', REPLACE(REPLACE(REPLACE(CONVERT(VARCHAR,GETDATE(),120),'-',''),':',''),' ',''), NULL, NULL, 'ko');
INSERT INTO NV_CD_MST(CD_CAT, CD, PAR_CD_CAT, VAL, CD_DESC, USE_COL, USE_YN, REG_DTM, MOD_DTM, CD_ORD, LANG)
VALUES ('KA013', 'APR', 'KA01', '승인', '승인', NULL, 'y', REPLACE(REPLACE(REPLACE(CONVERT(VARCHAR,GETDATE(),120),'-',''),':',''),' ',''), NULL, NULL, 'ko');
INSERT INTO NV_CD_MST(CD_CAT, CD, PAR_CD_CAT, VAL, CD_DESC, USE_COL, USE_YN, REG_DTM, MOD_DTM, CD_ORD, LANG)
VALUES ('KA013', 'REJ', 'KA01', '반려', '반려', NULL, 'y', REPLACE(REPLACE(REPLACE(CONVERT(VARCHAR,GETDATE(),120),'-',''),':',''),' ',''), NULL, NULL, 'ko');
-- PUSH error code
INSERT INTO NV_CD_MST (CD_CAT, CD, PAR_CD_CAT, VAL, CD_DESC, USE_YN, REG_DTM, CD_ORD, LANG)
VALUES ('AP00', '-', '00', 'PUSH 공통 결과코드', 'PUSH에서 사용하는 공통 결과코드', 'y', REPLACE(REPLACE(REPLACE(CONVERT(VARCHAR,GETDATE(),120),'-',''),':',''),' ',''), null, 'ko');
-- 코드별 카테고리
INSERT INTO NV_CD_MST (CD_CAT, CD, PAR_CD_CAT, VAL, CD_DESC, USE_YN, REG_DTM, CD_ORD, LANG)
VALUES ('AP0001', '-', 'AP00', '정상 결과코드', '정상  결과코드', 'y', REPLACE(REPLACE(REPLACE(CONVERT(VARCHAR,GETDATE(),120),'-',''),':',''),' ',''), null, 'ko');
INSERT INTO NV_CD_MST (CD_CAT, CD, PAR_CD_CAT, VAL, CD_DESC, USE_YN, REG_DTM, CD_ORD, LANG)
VALUES ('AP0002', '-', 'AP00', '시스템 에러 결과코드', '시스템 에러 결과코드', 'y', REPLACE(REPLACE(REPLACE(CONVERT(VARCHAR,GETDATE(),120),'-',''),':',''),' ',''), null, 'ko');
INSERT INTO NV_CD_MST (CD_CAT, CD, PAR_CD_CAT, VAL, CD_DESC, USE_YN, REG_DTM, CD_ORD, LANG)
VALUES ('AP0003', '-', 'AP00', 'APNS 에러 결과코드', 'APNS 에러 결과코드', 'y', REPLACE(REPLACE(REPLACE(CONVERT(VARCHAR,GETDATE(),120),'-',''),':',''),' ',''), null, 'ko');
INSERT INTO NV_CD_MST (CD_CAT, CD, PAR_CD_CAT, VAL, CD_DESC, USE_YN, REG_DTM, CD_ORD, LANG)
VALUES ('AP0004', '-', 'AP00', 'HTTP 에러 결과코드', 'HTTP 에러 결과코드', 'y', REPLACE(REPLACE(REPLACE(CONVERT(VARCHAR,GETDATE(),120),'-',''),':',''),' ',''), null, 'ko');
INSERT INTO NV_CD_MST (CD_CAT, CD, PAR_CD_CAT, VAL, CD_DESC, USE_YN, REG_DTM, CD_ORD, LANG)
VALUES ('AP0005', '-', 'AP00', 'GCM 에러 결과코드', 'PUSH 에러 결과코드', 'y', REPLACE(REPLACE(REPLACE(CONVERT(VARCHAR,GETDATE(),120),'-',''),':',''),' ',''), null, 'ko');
INSERT INTO NV_CD_MST (CD_CAT, CD, PAR_CD_CAT, VAL, CD_DESC, USE_YN, REG_DTM, CD_ORD, LANG)
VALUES ('AP0006', '-', 'AP00', '기타 에러 결과코드', '기타 에러 결과코드', 'y', REPLACE(REPLACE(REPLACE(CONVERT(VARCHAR,GETDATE(),120),'-',''),':',''),' ',''), null, 'ko');
-- 엠앤와이즈 기본코드
INSERT INTO NV_CD_MST (CD_CAT, CD, PAR_CD_CAT, VAL, CD_DESC, USE_YN, REG_DTM, CD_ORD, LANG)
VALUES ('AP0001', '250', 'AP0001', '발송요청 성공', '발송요청 성공', 'y', REPLACE(REPLACE(REPLACE(CONVERT(VARCHAR,GETDATE(),120),'-',''),':',''),' ',''), null, 'ko');
INSERT INTO NV_CD_MST (CD_CAT, CD, PAR_CD_CAT, VAL, CD_DESC, USE_YN, REG_DTM, CD_ORD, LANG)
VALUES ('AP0002', '550', 'AP0002', '수신자 정보 없음(앱미설치 등)', '수신자 정보 없음(앱미설치 등)', 'y', REPLACE(REPLACE(REPLACE(CONVERT(VARCHAR,GETDATE(),120),'-',''),':',''),' ',''), null, 'ko');
INSERT INTO NV_CD_MST (CD_CAT, CD, PAR_CD_CAT, VAL, CD_DESC, USE_YN, REG_DTM, CD_ORD, LANG)
VALUES ('AP0002', '554', 'AP0002', '발송요청 실패', '발송요청 실패', 'y', REPLACE(REPLACE(REPLACE(CONVERT(VARCHAR,GETDATE(),120),'-',''),':',''),' ',''), null, 'ko');
INSERT INTO NV_CD_MST (CD_CAT, CD, PAR_CD_CAT, VAL, CD_DESC, USE_YN, REG_DTM, CD_ORD, LANG)
VALUES ('AP0002', '700', 'AP0002', '통신실패', '통신실패', 'y', REPLACE(REPLACE(REPLACE(CONVERT(VARCHAR,GETDATE(),120),'-',''),':',''),' ',''), null, 'ko');
INSERT INTO NV_CD_MST (CD_CAT, CD, PAR_CD_CAT, VAL, CD_DESC, USE_YN, REG_DTM, CD_ORD, LANG)
VALUES ('AP0002', '701', 'AP0002', 'IOException', 'IOException', 'y', REPLACE(REPLACE(REPLACE(CONVERT(VARCHAR,GETDATE(),120),'-',''),':',''),' ',''), null, 'ko');
INSERT INTO NV_CD_MST (CD_CAT, CD, PAR_CD_CAT, VAL, CD_DESC, USE_YN, REG_DTM, CD_ORD, LANG)
VALUES ('AP0002', '702', 'AP0002', '응답 코드의 길이가 3 미만', '응답 코드의 길이가 3 미만', 'y', REPLACE(REPLACE(REPLACE(CONVERT(VARCHAR,GETDATE(),120),'-',''),':',''),' ',''), null, 'ko');
INSERT INTO NV_CD_MST (CD_CAT, CD, PAR_CD_CAT, VAL, CD_DESC, USE_YN, REG_DTM, CD_ORD, LANG)
VALUES ('AP0002', '703', 'AP0002', '명령어 전송 또는 응답 코드를 기다리는 중 IOException', '명령어 전송 또는 응답 코드를 기다리는 중 IOException', 'y', REPLACE(REPLACE(REPLACE(CONVERT(VARCHAR,GETDATE(),120),'-',''),':',''),' ',''), null, 'ko');
INSERT INTO NV_CD_MST (CD_CAT, CD, PAR_CD_CAT, VAL, CD_DESC, USE_YN, REG_DTM, CD_ORD, LANG)
VALUES ('AP0006', '704', 'AP0006', 'Time Out, Interrupted Exception', 'Time Out, Interrupted Exception', 'y', REPLACE(REPLACE(REPLACE(CONVERT(VARCHAR,GETDATE(),120),'-',''),':',''),' ',''), null, 'ko');
INSERT INTO NV_CD_MST (CD_CAT, CD, PAR_CD_CAT, VAL, CD_DESC, USE_YN, REG_DTM, CD_ORD, LANG)
VALUES ('AP0006', '800', 'AP0006', 'Invalid Address', 'Invalid Address', 'y', REPLACE(REPLACE(REPLACE(CONVERT(VARCHAR,GETDATE(),120),'-',''),':',''),' ',''), null, 'ko');
INSERT INTO NV_CD_MST (CD_CAT, CD, PAR_CD_CAT, VAL, CD_DESC, USE_YN, REG_DTM, CD_ORD, LANG)
VALUES ('AP0006', '888', 'AP0006', 'Etc', 'Etc', 'y', REPLACE(REPLACE(REPLACE(CONVERT(VARCHAR,GETDATE(),120),'-',''),':',''),' ',''), null, 'ko');

-- 메일발송결과카테고리
INSERT INTO NVSMTPCATEGORY(CATEGORY_CD, GRP_CD, PCATEGORY_CD, LEVEL_CD, CATEGORY_NM, CATEGORY_DESC, ACTIVE_YN)
VALUES('01', '03', NULL, 0, 'SMTP', 'SMTP Category', 'Y');
INSERT INTO NVSMTPCATEGORY(CATEGORY_CD, GRP_CD, PCATEGORY_CD, LEVEL_CD, CATEGORY_NM, CATEGORY_DESC, ACTIVE_YN)
VALUES('0101', '03', '01', 1, 'Unknown User', 'Unknown User Group', 'Y');
INSERT INTO NVSMTPCATEGORY(CATEGORY_CD, GRP_CD, PCATEGORY_CD, LEVEL_CD, CATEGORY_NM, CATEGORY_DESC, ACTIVE_YN)
VALUES('0102', '03', '01', 1, 'Unknown Host', 'Unknown Host Group', 'Y');
INSERT INTO NVSMTPCATEGORY(CATEGORY_CD, GRP_CD, PCATEGORY_CD, LEVEL_CD, CATEGORY_NM, CATEGORY_DESC, ACTIVE_YN)
VALUES('0103', '03', '01', 1, 'SMTP Exception', 'SMTP Exception Group', 'Y');
INSERT INTO NVSMTPCATEGORY(CATEGORY_CD, GRP_CD, PCATEGORY_CD, LEVEL_CD, CATEGORY_NM, CATEGORY_DESC, ACTIVE_YN)
VALUES('0104', '03', '01', 1, 'NoRoute To Host', 'NoRoute To Host Group', 'Y');
INSERT INTO NVSMTPCATEGORY(CATEGORY_CD, GRP_CD, PCATEGORY_CD, LEVEL_CD, CATEGORY_NM, CATEGORY_DESC, ACTIVE_YN)
VALUES('0105', '03', '01', 1, 'Connection Refused', 'Connection Refused Group', 'Y');
INSERT INTO NVSMTPCATEGORY(CATEGORY_CD, GRP_CD, PCATEGORY_CD, LEVEL_CD, CATEGORY_NM, CATEGORY_DESC, ACTIVE_YN)
VALUES('0106', '03', '01', 1, 'Exception', 'Exception Group', 'Y');
INSERT INTO NVSMTPCATEGORY(CATEGORY_CD, GRP_CD, PCATEGORY_CD, LEVEL_CD, CATEGORY_NM, CATEGORY_DESC, ACTIVE_YN)
VALUES('0107', '03', '01', 1, 'Invalid Address', 'Invalid Address Group', 'Y');
INSERT INTO NVSMTPCATEGORY(CATEGORY_CD, GRP_CD, PCATEGORY_CD, LEVEL_CD, CATEGORY_NM, CATEGORY_DESC, ACTIVE_YN)
VALUES('0108', '03', '01', 1, 'Receive Rejection', 'Receive Rejection', 'Y');

-- 메일발송결과코드
INSERT INTO NVSENDERR(ERROR_CD, ERROR_NM, ERROR_DESC, CATEGORY_CD, CHANNEL_TYPE)
VALUES('250', NULL, '성공', '01', 'M');
INSERT INTO NVSENDERR(ERROR_CD, ERROR_NM, ERROR_DESC, CATEGORY_CD, CHANNEL_TYPE)
VALUES('421', NULL, '서비스 활용 불가능(상대방 SMTP의 시스템 문제)', '0106', 'M');
INSERT INTO NVSENDERR(ERROR_CD, ERROR_NM, ERROR_DESC, CATEGORY_CD, CHANNEL_TYPE)
VALUES('450', NULL, '우편함이 잠긴 상태', '0106', 'M');
INSERT INTO NVSENDERR(ERROR_CD, ERROR_NM, ERROR_DESC, CATEGORY_CD, CHANNEL_TYPE)
VALUES('451', NULL, '서버 에러(상대방 SMTP의 시스템 문제)', '0106', 'M');
INSERT INTO NVSENDERR(ERROR_CD, ERROR_NM, ERROR_DESC, CATEGORY_CD, CHANNEL_TYPE)
VALUES('452', NULL, '시스템 저장 공간이 부족함', '0106', 'M');
INSERT INTO NVSENDERR(ERROR_CD, ERROR_NM, ERROR_DESC, CATEGORY_CD, CHANNEL_TYPE)
VALUES('550', NULL, '사용자 없음', '0101', 'M');
INSERT INTO NVSENDERR(ERROR_CD, ERROR_NM, ERROR_DESC, CATEGORY_CD, CHANNEL_TYPE)
VALUES('552', NULL, '메일 박스 용량 초과', '0106', 'M');
INSERT INTO NVSENDERR(ERROR_CD, ERROR_NM, ERROR_DESC, CATEGORY_CD, CHANNEL_TYPE)
VALUES('553', NULL, '우편함 이름이 유효하지 않아서 명령어가 중단됨', '0101', 'M');
INSERT INTO NVSENDERR(ERROR_CD, ERROR_NM, ERROR_DESC, CATEGORY_CD, CHANNEL_TYPE)
VALUES('554', NULL, '트랜잭션이 실패함', '0106', 'M');
INSERT INTO NVSENDERR(ERROR_CD, ERROR_NM, ERROR_DESC, CATEGORY_CD, CHANNEL_TYPE)
VALUES('600', NULL, '호스트가 바쁘거나, 요청된 포트에서 서비스가 제공되지 않음', '0105', 'M');
INSERT INTO NVSENDERR(ERROR_CD, ERROR_NM, ERROR_DESC, CATEGORY_CD, CHANNEL_TYPE)
VALUES('601', NULL, '연결 시간 초과', '0104', 'M');
INSERT INTO NVSENDERR(ERROR_CD, ERROR_NM, ERROR_DESC, CATEGORY_CD, CHANNEL_TYPE)
VALUES('602', NULL, 'Connection Failure', '0103', 'M');
INSERT INTO NVSENDERR(ERROR_CD, ERROR_NM, ERROR_DESC, CATEGORY_CD, CHANNEL_TYPE)
VALUES('610', NULL, 'Unknown Host', '0102', 'M');
INSERT INTO NVSENDERR(ERROR_CD, ERROR_NM, ERROR_DESC, CATEGORY_CD, CHANNEL_TYPE)
VALUES('603', NULL, 'Connection Error', '0103', 'M');
INSERT INTO NVSENDERR(ERROR_CD, ERROR_NM, ERROR_DESC, CATEGORY_CD, CHANNEL_TYPE)
VALUES('604', NULL, '응답을 기다리던중 접속이 끊기거나 IOException이 발생', '0103', 'M');
INSERT INTO NVSENDERR(ERROR_CD, ERROR_NM, ERROR_DESC, CATEGORY_CD, CHANNEL_TYPE)
VALUES('700', NULL, '통신 중 접속이 끊어짐', '0103', 'M');
INSERT INTO NVSENDERR(ERROR_CD, ERROR_NM, ERROR_DESC, CATEGORY_CD, CHANNEL_TYPE)
VALUES('701', NULL, 'IOExcepition', '0103', 'M');
INSERT INTO NVSENDERR(ERROR_CD, ERROR_NM, ERROR_DESC, CATEGORY_CD, CHANNEL_TYPE)
VALUES('702', NULL, '응답 코드의 길이가 3 이하', '0103', 'M');
INSERT INTO NVSENDERR(ERROR_CD, ERROR_NM, ERROR_DESC, CATEGORY_CD, CHANNEL_TYPE)
VALUES('703', NULL, '명령어 전송 또는 응답 코드를 기다리는 중 IOException', '0103', 'M');
INSERT INTO NVSENDERR(ERROR_CD, ERROR_NM, ERROR_DESC, CATEGORY_CD, CHANNEL_TYPE)
VALUES('704', NULL, 'SMTP TIME OUT', '0103', 'M');
INSERT INTO NVSENDERR(ERROR_CD, ERROR_NM, ERROR_DESC, CATEGORY_CD, CHANNEL_TYPE)
VALUES('800', NULL, 'Invalid Address', '0107', 'M');
INSERT INTO NVSENDERR(ERROR_CD, ERROR_NM, ERROR_DESC, CATEGORY_CD, CHANNEL_TYPE)
VALUES('888', NULL, '기타 건수', '0106', 'M');
INSERT INTO NVSENDERR (ERROR_CD, ERROR_NM, ERROR_DESC, ERROR_SMS_DESC, CATEGORY_CD, CHANNEL_TYPE, SPAM_YN)
VALUES('900', NULL, '핸들러 오류', NULL, '0106', 'M', 'N');
INSERT INTO NVSENDERR(ERROR_CD, ERROR_NM, ERROR_DESC, CATEGORY_CD, CHANNEL_TYPE)
VALUES('999', NULL, '수신거부된 사용자', '0107', 'M');

-- 발송주기
INSERT INTO NVSENDCYCLE(CYCLE_CD, CYCLE_NM) VALUES ('1', '매일');
INSERT INTO NVSENDCYCLE(CYCLE_CD, CYCLE_NM) VALUES ('2', '매주');
INSERT INTO NVSENDCYCLE(CYCLE_CD, CYCLE_NM) VALUES ('3', '매월');
INSERT INTO NVSENDCYCLE(CYCLE_CD, CYCLE_NM) VALUES ('4', '한번만');
INSERT INTO NVSENDCYCLE(CYCLE_CD, CYCLE_NM) VALUES ('5', '분단위');

-- 사용자그룹[부서]
INSERT INTO NVUSERGRP (GRP_CD, GRP_NM, SUPRAGRP_CD, GRP_DESC, GRP_LEVEL, PERMISSION, EDITOR_ID, LASTUPDATE_DT, MANAGER_ID, ACTIVE_YN, ETC_INFO1, MANAGER_NM)
VALUES('01', 'mnwise', NULL, '최상위 부서', 0, 'Y', 'admin', CONVERT(CHAR(8), GETDATE(),112), 'manager', 'Y', NULL, '최상위부서장');

-- 사용자
-- 관리자
-- 암호화 :
-- PASS_WD = '5b55082cc30ad7b892f7c459dcbeb6e7665e54de6efdd505edc09c195ef7571a',
-- PASS_SALT = '2664acd0628a78afe656';
-- 복호화 : 1111
-- 관리자 (암호화 : vq2IfHWRcHE=, 복호화 : 1111)
-- INSERT INTO NVUSER (USER_ID, PASS_WD, PASS_SALT, GRP_CD, NAME_KOR, NAME_ENG, TEL_NO, EMAIL, USER_CLASS, USERTYPE_CD, LASTUPDATE_DT, ACTIVE_YN, ACCEPT_YN, USER_ROLE)
-- VALUES('admin', '5b55082cc30ad7b892f7c459dcbeb6e7665e54de6efdd505edc09c195ef7571a', '2664acd0628a78afe656', '01', '시스템관리자', 'Administrator', '02-3445-0922', 'admin@mnwise.com', '관리자', 'A', CONVERT(CHAR(8), GETDATE(),112), 'Y', 'Y', 'A');
-- 최상위 부서장 등록
-- INSERT INTO NVUSER (USER_ID, PASS_WD, PASS_SALT, GRP_CD, NAME_KOR, NAME_ENG, TEL_NO, EMAIL, USER_CLASS, USERTYPE_CD, LASTUPDATE_DT, ACTIVE_YN, ACCEPT_YN)
-- VALUES('manager', '5b55082cc30ad7b892f7c459dcbeb6e7665e54de6efdd505edc09c195ef7571a', '2664acd0628a78afe656', '01', '최상위 부서장', 'Manager', '02-3445-0922', 'manager@mnwise.com', '최상위부서장', 'M', CONVERT(CHAR(8), GETDATE(),112), 'Y', 'Y');
-- TEST유져 등록
-- INSERT INTO NVUSER (USER_ID, PASS_WD, PASS_SALT, GRP_CD, NAME_KOR, NAME_ENG, TEL_NO, EMAIL, USER_CLASS, USERTYPE_CD, LASTUPDATE_DT, ACTIVE_YN, ACCEPT_YN)
-- VALUES('test', '5b55082cc30ad7b892f7c459dcbeb6e7665e54de6efdd505edc09c195ef7571a', '2664acd0628a78afe656', '01', '테스터', 'User', '02-3445-0922', 'test@mnwise.com', '테스터', 'U', CONVERT(CHAR(8), GETDATE(),112), 'Y', 'Y');

-- 사용자
INSERT INTO NVUSER (USER_ID, PASS_WD, GRP_CD, NAME_KOR, NAME_ENG, TEL_NO, EMAIL, USER_CLASS, USERTYPE_CD, LASTUPDATE_DT, ACTIVE_YN, ACCEPT_YN, USER_ROLE)
VALUES('admin', '1111', '01', '시스템관리자', 'Administrator', '02-3445-0922', 'admin@mnwise.com', '관리자', 'A', CONVERT(CHAR(8), GETDATE(),112), 'Y', 'Y', 'A');
-- 최상위 부서장 등록
INSERT INTO NVUSER (USER_ID, PASS_WD, GRP_CD, NAME_KOR, NAME_ENG, TEL_NO, EMAIL, USER_CLASS, USERTYPE_CD, LASTUPDATE_DT, ACTIVE_YN, ACCEPT_YN)
VALUES('manager', '1111', '01', '최상위 부서장', 'Manager', '02-3445-0922', 'manager@mnwise.com', '최상위부서장', 'M', CONVERT(CHAR(8), GETDATE(),112), 'Y', 'Y');
-- TEST유져 등록
INSERT INTO NVUSER (USER_ID, PASS_WD, GRP_CD, NAME_KOR, NAME_ENG, TEL_NO, EMAIL, USER_CLASS, USERTYPE_CD, LASTUPDATE_DT, ACTIVE_YN, ACCEPT_YN)
VALUES('test', '1111', '01', '테스터', 'User', '02-3445-0922', 'test@mnwise.com', '테스터', 'U', CONVERT(CHAR(8), GETDATE(),112), 'Y', 'Y');

-- 대상자DB접속정보
INSERT INTO NVDBINFO(DBINFO_SEQ, DRIVER_NM) VALUES(1, '임시DB정보');

-- 이케어 준실시간 옴니채널용 기준 세그먼트
INSERT INTO NVSEGMENT (SEGMENT_NO, USER_ID, GRP_CD, SEGMENT_NM, DBINFO_SEQ, SEGMENT_DESC, SQLHEAD, SQLTAIL, SQLBODY, SQLFILTER, LASTUPDATE_DT, SEGMENT_SIZE, CRTGRP_CD, SEGMENT_TYPE, FILETODB_YN, EDITOR_ID, SHARE_YN, ACTIVE_YN, CATEGORY_CD, SEGMENT_STS, TAG_NO, PSEGMENT_NO, PLINK_SEQ, SEG_TYPE, TESTQUERY, UPDATEQUERY)
VALUES(-1, 'admin', '01', 'DEFAULT TARGET', 1, NULL, NULL, NULL, NULL, NULL, NULL, NULL, NULL, NULL, NULL, NULL, NULL, NULL, NULL, NULL, NULL, NULL, NULL, NULL, NULL, NULL);

-- 이케어 준실시간 옴니채널용 기준 시멘틱
INSERT INTO NVSEMANTIC (SEGMENT_NO, FIELD_SEQ, FIELD_NM, FIELD_DESC, FIELD_TYPE, FIELD_LENGTH, INITVALUE, MINVALUE, MAXVALUE, NULL_YN, FIELD_KEY)
VALUES(-1, 1, 'RECEIVER_ID', NULL, NULL, NULL, NULL, NULL, NULL, NULL, 'K');
INSERT INTO NVSEMANTIC (SEGMENT_NO, FIELD_SEQ, FIELD_NM, FIELD_DESC, FIELD_TYPE, FIELD_LENGTH, INITVALUE, MINVALUE, MAXVALUE, NULL_YN, FIELD_KEY)
VALUES(-1, 2, 'RECEIVER_NM', NULL, NULL, NULL, NULL, NULL, NULL, NULL, 'N');
INSERT INTO NVSEMANTIC (SEGMENT_NO, FIELD_SEQ, FIELD_NM, FIELD_DESC, FIELD_TYPE, FIELD_LENGTH, INITVALUE, MINVALUE, MAXVALUE, NULL_YN, FIELD_KEY)
VALUES(-1, 3, 'RECEIVER', NULL, NULL, NULL, NULL, NULL, NULL, NULL, 'E');

-- PUSH 공통 코드 분류
INSERT INTO NV_CD_MST (CD_CAT, CD, PAR_CD_CAT, VAL, CD_DESC, USE_YN, REG_DTM, CD_ORD, LANG)
VALUES ('AP01', '-', '00', 'PUSH 공통 코드', 'PUSH에서 사용하는 공통 코드', 'y', REPLACE(REPLACE(REPLACE(CONVERT(VARCHAR,GETDATE(),120),'-',''),':',''),' ',''), null, 'ko');
INSERT INTO NV_CD_MST (CD_CAT, CD, PAR_CD_CAT, VAL, CD_DESC, USE_YN, REG_DTM, CD_ORD, LANG)
VALUES ('AP0101', '-', 'AP01', 'PUSH 메시지 유형', 'PUSH 메시지 유형', 'y', REPLACE(REPLACE(REPLACE(CONVERT(VARCHAR,GETDATE(),120),'-',''),':',''),' ',''), null, 'ko');