-- 메뉴다국어
INSERT INTO NVMENU_LANG (MENU_CD, LANG, MENU_NM)
VALUES ('01', 'en', 'Campaign');
INSERT INTO NVMENU_LANG (MENU_CD, LANG, MENU_NM)
VALUES ('0102', 'en', 'View campaign lists');
INSERT INTO NVMENU_LANG (MENU_CD, LANG, MENU_NM)
VALUES ('0103', 'en', 'Create campaign');
INSERT INTO NVMENU_LANG (MENU_CD, LANG, MENU_NM)
VALUES ('0104', 'en', 'Sending history');
INSERT INTO NVMENU_LANG (MENU_CD, LANG, MENU_NM)
VALUES ('02', 'en', 'Ecare');
INSERT INTO NVMENU_LANG (MENU_CD, LANG, MENU_NM)
VALUES ('0201', 'en', 'View E-care lists');
INSERT INTO NVMENU_LANG (MENU_CD, LANG, MENU_NM)
VALUES ('0202', 'en', 'Create E-care');
INSERT INTO NVMENU_LANG (MENU_CD, LANG, MENU_NM)
VALUES ('0203', 'en', 'Sending history');
INSERT INTO NVMENU_LANG (MENU_CD, LANG, MENU_NM)
VALUES ('0204', 'en', 'Contents history');
INSERT INTO NVMENU_LANG (MENU_CD, LANG, MENU_NM)
VALUES ('03', 'en', 'Report');
INSERT INTO NVMENU_LANG (MENU_CD, LANG, MENU_NM)
VALUES ('030101', 'en', 'Campaign lists');
INSERT INTO NVMENU_LANG (MENU_CD, LANG, MENU_NM)
VALUES ('030105', 'en', 'Result comparison');
INSERT INTO NVMENU_LANG (MENU_CD, LANG, MENU_NM)
VALUES ('030106', 'en', 'Campaign Monthly report');
INSERT INTO NVMENU_LANG (MENU_CD, LANG, MENU_NM)
VALUES ('030107', 'en', 'Departmental billing statistics');
INSERT INTO NVMENU_LANG (MENU_CD, LANG, MENU_NM)
VALUES ('030201', 'en', 'E-care lists');
INSERT INTO NVMENU_LANG (MENU_CD, LANG, MENU_NM)
VALUES ('030203', 'en', 'Ecare Monthly report');
INSERT INTO NVMENU_LANG (MENU_CD, LANG, MENU_NM)
VALUES ('030204', 'en', 'Departmental billing statistics');
INSERT INTO NVMENU_LANG (MENU_CD, LANG, MENU_NM)
VALUES ('0303', 'en', 'Customer History');
INSERT INTO NVMENU_LANG (MENU_CD, LANG, MENU_NM)
VALUES ('030301', 'en', 'Customer Reference / resend');
INSERT INTO NVMENU_LANG (MENU_CD, LANG, MENU_NM)
VALUES ('04', 'en', 'Template');
INSERT INTO NVMENU_LANG (MENU_CD, LANG, MENU_NM)
VALUES ('0401', 'en', 'Template');
INSERT INTO NVMENU_LANG (MENU_CD, LANG, MENU_NM)
VALUES ('0402', 'en', 'Create template');
INSERT INTO NVMENU_LANG (MENU_CD, LANG, MENU_NM)
VALUES ('0403', 'en', 'Mobile template lists');
INSERT INTO NVMENU_LANG (MENU_CD, LANG, MENU_NM)
VALUES ('0404', 'en', 'Create Mobile template');
INSERT INTO NVMENU_LANG (MENU_CD, LANG, MENU_NM)
VALUES ('05', 'en', 'Segment');
INSERT INTO NVMENU_LANG (MENU_CD, LANG, MENU_NM)
VALUES ('0501', 'en', 'Segment lists');
INSERT INTO NVMENU_LANG (MENU_CD, LANG, MENU_NM)
VALUES ('0502', 'en', 'Create segments');
INSERT INTO NVMENU_LANG (MENU_CD, LANG, MENU_NM)
VALUES ('0504', 'en', 'Upload segment');
INSERT INTO NVMENU_LANG (MENU_CD, LANG, MENU_NM)
VALUES ('06', 'en', 'User');
INSERT INTO NVMENU_LANG (MENU_CD, LANG, MENU_NM)
VALUES ('0601', 'en', 'Manage user');
INSERT INTO NVMENU_LANG (MENU_CD, LANG, MENU_NM)
VALUES ('0602', 'en', 'Manage authorization');
INSERT INTO NVMENU_LANG (MENU_CD, LANG, MENU_NM)
VALUES ('0603', 'en', 'Session Log');
INSERT INTO NVMENU_LANG (MENU_CD, LANG, MENU_NM)
VALUES ('0604', 'en', 'Admin Log');
INSERT INTO NVMENU_LANG (MENU_CD, LANG, MENU_NM)
VALUES ('0606', 'en', 'Dept Management');
INSERT INTO NVMENU_LANG (MENU_CD, LANG, MENU_NM)
VALUES ('0607', 'en', 'User Management');
INSERT INTO NVMENU_LANG (MENU_CD, LANG, MENU_NM)
VALUES ('0608', 'en', 'Dept permission');
INSERT INTO NVMENU_LANG (MENU_CD, LANG, MENU_NM)
VALUES ('07', 'en', 'Configuration');
INSERT INTO NVMENU_LANG (MENU_CD, LANG, MENU_NM)
VALUES ('0701', 'en', 'Server properties');
INSERT INTO NVMENU_LANG (MENU_CD, LANG, MENU_NM)
VALUES ('0702', 'en', 'DB Management');
INSERT INTO NVMENU_LANG (MENU_CD, LANG, MENU_NM)
VALUES ('0703', 'en', 'Service off-day');
INSERT INTO NVMENU_LANG (MENU_CD, LANG, MENU_NM)
VALUES ('0704', 'en', 'Domain');
INSERT INTO NVMENU_LANG (MENU_CD, LANG, MENU_NM)
VALUES ('0705', 'en', 'Forbidden words');
INSERT INTO NVMENU_LANG (MENU_CD, LANG, MENU_NM)
VALUES ('0706', 'en', 'Deffered time');
INSERT INTO NVMENU_LANG (MENU_CD, LANG, MENU_NM)
VALUES ('0707', 'en', 'Default handler');
INSERT INTO NVMENU_LANG (MENU_CD, LANG, MENU_NM)
VALUES ('0708', 'en', 'Batch handler set-up');
INSERT INTO NVMENU_LANG (MENU_CD, LANG, MENU_NM)
VALUES ('0710', 'en', 'SmtpCode management');
INSERT INTO NVMENU_LANG (MENU_CD, LANG, MENU_NM)
VALUES ('0711', 'en', 'Sender information');
INSERT INTO NVMENU_LANG (MENU_CD, LANG, MENU_NM)
VALUES ('0712', 'en', 'User information');
INSERT INTO NVMENU_LANG (MENU_CD, LANG, MENU_NM)
VALUES ('0714', 'en', 'Log management');
INSERT INTO NVMENU_LANG ( MENU_CD, LANG, MENU_NM)
VALUES ('0715', 'en', 'PUSH Setting');
INSERT INTO NVMENU_LANG (MENU_CD, LANG, MENU_NM)
VALUES ('0407', 'en', 'Brandtalk Lists');
INSERT INTO NVMENU_LANG (MENU_CD, LANG, MENU_NM)
VALUES ('0408', 'en', 'Create Brandtalk');

-- 코드마스터
INSERT INTO NV_CD_MST(CD_CAT, CD, PAR_CD_CAT, VAL, CD_DESC, USE_COL, USE_YN, REG_DTM, MOD_DTM, CD_ORD, LANG)
VALUES ('00', '-', '-', 'common code master', 'common code', NULL, 'y', TO_CHAR(SYSDATE, 'YYYYMMDDHH24MISS'), NULL, NULL, 'en');
INSERT INTO NV_CD_MST(CD_CAT, CD, PAR_CD_CAT, VAL, CD_DESC, USE_COL, USE_YN, REG_DTM, MOD_DTM, CD_ORD, LANG)
VALUES ('1001', '-', '00', 'Campaign-related', 'Campaign-related code', NULL, 'y', TO_CHAR(SYSDATE, 'YYYYMMDDHH24MISS'), NULL, NULL, 'en');
INSERT INTO NV_CD_MST(CD_CAT, CD, PAR_CD_CAT, VAL, CD_DESC, USE_COL, USE_YN, REG_DTM, MOD_DTM, CD_ORD, LANG)
VALUES ('10011', '-', '1001', 'Campaing Performing state', NULL, 'campaign_sts', 'y', TO_CHAR(SYSDATE, 'YYYYMMDDHH24MISS'), NULL, NULL, 'en');
INSERT INTO NV_CD_MST(CD_CAT, CD, PAR_CD_CAT, VAL, CD_DESC, USE_COL, USE_YN, REG_DTM, MOD_DTM, CD_ORD, LANG)
VALUES ('100111', '1', '10011', 'Error', 'select_schedule moment', NULL, 'y', TO_CHAR(SYSDATE, 'YYYYMMDDHH24MISS'), NULL, NULL, 'en');
INSERT INTO NV_CD_MST(CD_CAT, CD, PAR_CD_CAT, VAL, CD_DESC, USE_COL, USE_YN, REG_DTM, MOD_DTM, CD_ORD, LANG)
VALUES ('100111', '2', '10011', 'Error', 'make_target moment', NULL, 'y', TO_CHAR(SYSDATE, 'YYYYMMDDHH24MISS'), NULL, NULL, 'en');
INSERT INTO NV_CD_MST(CD_CAT, CD, PAR_CD_CAT, VAL, CD_DESC, USE_COL, USE_YN, REG_DTM, MOD_DTM, CD_ORD, LANG)
VALUES ('100111', '3', '10011', 'Error', 'mas_send moment', NULL, 'y', TO_CHAR(SYSDATE, 'YYYYMMDDHH24MISS'), NULL, NULL, 'en');
INSERT INTO NV_CD_MST(CD_CAT, CD, PAR_CD_CAT, VAL, CD_DESC, USE_COL, USE_YN, REG_DTM, MOD_DTM, CD_ORD, LANG)
VALUES ('100111', 'A', '10011', 'Approval', 'Approval', NULL, 'y', TO_CHAR(SYSDATE, 'YYYYMMDDHH24MISS'), NULL, NULL, 'en');
INSERT INTO NV_CD_MST(CD_CAT, CD, PAR_CD_CAT, VAL, CD_DESC, USE_COL, USE_YN, REG_DTM, MOD_DTM, CD_ORD, LANG)
VALUES ('100111', 'C', '10011', 'Approval requested', 'Approval requested', NULL, 'y', TO_CHAR(SYSDATE, 'YYYYMMDDHH24MISS'), NULL, NULL, 'en');
INSERT INTO NV_CD_MST(CD_CAT, CD, PAR_CD_CAT, VAL, CD_DESC, USE_COL, USE_YN, REG_DTM, MOD_DTM, CD_ORD, LANG)
VALUES ('100111', 'D', '10011', 'Approval rejected', 'Approval rejected', NULL, 'y', TO_CHAR(SYSDATE, 'YYYYMMDDHH24MISS'), NULL, NULL, 'en');
INSERT INTO NV_CD_MST(CD_CAT, CD, PAR_CD_CAT, VAL, CD_DESC, USE_COL, USE_YN, REG_DTM, MOD_DTM, CD_ORD, LANG)
VALUES ('100111', 'E', '10011', 'Executed', 'Executed', NULL, 'y', TO_CHAR(SYSDATE, 'YYYYMMDDHH24MISS'), NULL, NULL, 'en');
INSERT INTO NV_CD_MST(CD_CAT, CD, PAR_CD_CAT, VAL, CD_DESC, USE_COL, USE_YN, REG_DTM, MOD_DTM, CD_ORD, LANG)
VALUES ('100111', 'I', '10011', 'Incomplete', 'Incomplete', NULL, 'y', TO_CHAR(SYSDATE, 'YYYYMMDDHH24MISS'), NULL, NULL, 'en');
INSERT INTO NV_CD_MST(CD_CAT, CD, PAR_CD_CAT, VAL, CD_DESC, USE_COL, USE_YN, REG_DTM, MOD_DTM, CD_ORD, LANG)
VALUES ('100111', 'O', '10011', 'Send Error', 'Send Error', NULL, 'y', TO_CHAR(SYSDATE, 'YYYYMMDDHH24MISS'), NULL, NULL, 'en');
INSERT INTO NV_CD_MST(CD_CAT, CD, PAR_CD_CAT, VAL, CD_DESC, USE_COL, USE_YN, REG_DTM, MOD_DTM, CD_ORD, LANG)
VALUES ('100111', 'P', '10011', 'Pending', 'Pending', NULL, 'y', TO_CHAR(SYSDATE, 'YYYYMMDDHH24MISS'), NULL, NULL, 'en');
INSERT INTO NV_CD_MST(CD_CAT, CD, PAR_CD_CAT, VAL, CD_DESC, USE_COL, USE_YN, REG_DTM, MOD_DTM, CD_ORD, LANG)
VALUES ('100111', 'R', '10011', 'Scheduled', 'Scheduled', NULL, 'y', TO_CHAR(SYSDATE, 'YYYYMMDDHH24MISS'), NULL, NULL, 'en');
INSERT INTO NV_CD_MST(CD_CAT, CD, PAR_CD_CAT, VAL, CD_DESC, USE_COL, USE_YN, REG_DTM, MOD_DTM, CD_ORD, LANG)
VALUES ('100111', 'S', '10011', 'Holding', 'Holding', NULL, 'y', TO_CHAR(SYSDATE, 'YYYYMMDDHH24MISS'), NULL, NULL, 'en');
INSERT INTO NV_CD_MST(CD_CAT, CD, PAR_CD_CAT, VAL, CD_DESC, USE_COL, USE_YN, REG_DTM, MOD_DTM, CD_ORD, LANG)
VALUES ('100111', 'T', '10011', 'Stop sending', 'Stop sending', NULL, 'y', TO_CHAR(SYSDATE, 'YYYYMMDDHH24MISS'), NULL, NULL, 'en');
INSERT INTO NV_CD_MST(CD_CAT, CD, PAR_CD_CAT, VAL, CD_DESC, USE_COL, USE_YN, REG_DTM, MOD_DTM, CD_ORD, LANG)
VALUES ('100111', 'V', '10011', 'Divide Stop', 'Divide', NULL, 'y', TO_CHAR(SYSDATE, 'YYYYMMDDHH24MISS'), NULL, NULL, 'en');
INSERT INTO NV_CD_MST(CD_CAT, CD, PAR_CD_CAT, VAL, CD_DESC, USE_COL, USE_YN, REG_DTM, MOD_DTM, CD_ORD, LANG)
VALUES ('100111', 'W', '10011', 'In progress', 'In progress', NULL, 'y', TO_CHAR(SYSDATE, 'YYYYMMDDHH24MISS'), NULL, NULL, 'en');
INSERT INTO NV_CD_MST(CD_CAT, CD, PAR_CD_CAT, VAL, CD_DESC, USE_COL, USE_YN, REG_DTM, MOD_DTM, CD_ORD, LANG)
VALUES ('10012', '-', '1001', 'eBasic Performing state', NULL, 'campaign_sts', 'y', TO_CHAR(SYSDATE, 'YYYYMMDDHH24MISS'), NULL, NULL, 'en');
INSERT INTO NV_CD_MST(CD_CAT, CD, PAR_CD_CAT, VAL, CD_DESC, USE_COL, USE_YN, REG_DTM, MOD_DTM, CD_ORD, LANG)
VALUES ('100121', 'A', '10012', 'Complete approval', 'Complete approval', NULL, 'y', TO_CHAR(SYSDATE, 'YYYYMMDDHH24MISS'), NULL, NULL, 'en');
INSERT INTO NV_CD_MST(CD_CAT, CD, PAR_CD_CAT, VAL, CD_DESC, USE_COL, USE_YN, REG_DTM, MOD_DTM, CD_ORD, LANG)
VALUES ('100121', 'C', '10012', 'Approval requested', 'Approval requested', NULL, 'y', TO_CHAR(SYSDATE, 'YYYYMMDDHH24MISS'), NULL, NULL, 'en');
INSERT INTO NV_CD_MST(CD_CAT, CD, PAR_CD_CAT, VAL, CD_DESC, USE_COL, USE_YN, REG_DTM, MOD_DTM, CD_ORD, LANG)
VALUES ('100121', 'D', '10012', 'Approval rejected', 'Approval rejected', NULL, 'y', TO_CHAR(SYSDATE, 'YYYYMMDDHH24MISS'), NULL, NULL, 'en');
INSERT INTO NV_CD_MST(CD_CAT, CD, PAR_CD_CAT, VAL, CD_DESC, USE_COL, USE_YN, REG_DTM, MOD_DTM, CD_ORD, LANG)
VALUES ('100121', 'E', '10012', 'Executed', 'Executed', NULL, 'y', TO_CHAR(SYSDATE, 'YYYYMMDDHH24MISS'), NULL, NULL, 'en');
INSERT INTO NV_CD_MST(CD_CAT, CD, PAR_CD_CAT, VAL, CD_DESC, USE_COL, USE_YN, REG_DTM, MOD_DTM, CD_ORD, LANG)
VALUES ('100121', 'I', '10012', 'Uncompleted', 'Uncompleted', NULL, 'y', TO_CHAR(SYSDATE, 'YYYYMMDDHH24MISS'), NULL, NULL, 'en');
INSERT INTO NV_CD_MST(CD_CAT, CD, PAR_CD_CAT, VAL, CD_DESC, USE_COL, USE_YN, REG_DTM, MOD_DTM, CD_ORD, LANG)
VALUES ('100121', 'R', '10012', 'Ready', 'Ready', NULL, 'y', TO_CHAR(SYSDATE, 'YYYYMMDDHH24MISS'), NULL, NULL, 'en');
INSERT INTO NV_CD_MST(CD_CAT, CD, PAR_CD_CAT, VAL, CD_DESC, USE_COL, USE_YN, REG_DTM, MOD_DTM, CD_ORD, LANG)
VALUES ('100121', 'O', '10012', 'Send Error', 'Send Error', NULL, 'y', TO_CHAR(SYSDATE, 'YYYYMMDDHH24MISS'), NULL, NULL, 'en');
INSERT INTO NV_CD_MST(CD_CAT, CD, PAR_CD_CAT, VAL, CD_DESC, USE_COL, USE_YN, REG_DTM, MOD_DTM, CD_ORD, LANG)
VALUES ('10020', '-', '1001', 'Progress', NULL, 'result_sts', 'y', TO_CHAR(SYSDATE, 'YYYYMMDDHH24MISS'), NULL, NULL, 'en');
INSERT INTO NV_CD_MST(CD_CAT, CD, PAR_CD_CAT, VAL, CD_DESC, USE_COL, USE_YN, REG_DTM, MOD_DTM, CD_ORD, LANG)
VALUES ('100201', 'MS', '10020', 'MTS work begins', 'MTS work begins', NULL, 'y', TO_CHAR(SYSDATE, 'YYYYMMDDHH24MISS'), NULL, NULL, 'en');
INSERT INTO NV_CD_MST(CD_CAT, CD, PAR_CD_CAT, VAL, CD_DESC, USE_COL, USE_YN, REG_DTM, MOD_DTM, CD_ORD, LANG)
VALUES ('100201', 'LW', '10020', 'In progress', 'In progress', NULL, 'y', TO_CHAR(SYSDATE, 'YYYYMMDDHH24MISS'), NULL, NULL, 'en');
INSERT INTO NV_CD_MST(CD_CAT, CD, PAR_CD_CAT, VAL, CD_DESC, USE_COL, USE_YN, REG_DTM, MOD_DTM, CD_ORD, LANG)
VALUES ('100201', 'SE', '10020', 'Executed', 'Executed', NULL, 'y', TO_CHAR(SYSDATE, 'YYYYMMDDHH24MISS'), NULL, NULL, 'en');
INSERT INTO NV_CD_MST(CD_CAT, CD, PAR_CD_CAT, VAL, CD_DESC, USE_COL, USE_YN, REG_DTM, MOD_DTM, CD_ORD, LANG)
VALUES ('100201', 'XE', '10020', 'Executed', 'Executed', NULL, 'y', TO_CHAR(SYSDATE, 'YYYYMMDDHH24MISS'), NULL, NULL, 'en');
INSERT INTO NV_CD_MST(CD_CAT, CD, PAR_CD_CAT, VAL, CD_DESC, USE_COL, USE_YN, REG_DTM, MOD_DTM, CD_ORD, LANG)
VALUES ('100201', 'XO', '10020', 'Send Error', 'Send Error', NULL, 'y', TO_CHAR(SYSDATE, 'YYYYMMDDHH24MISS'), NULL, NULL, 'en');
INSERT INTO NV_CD_MST(CD_CAT, CD, PAR_CD_CAT, VAL, CD_DESC, USE_COL, USE_YN, REG_DTM, MOD_DTM, CD_ORD, LANG)
VALUES ('100201', 'XR', '10020', 'Ready', 'Ready', NULL, 'y', TO_CHAR(SYSDATE, 'YYYYMMDDHH24MISS'), NULL, NULL, 'en');
INSERT INTO NV_CD_MST(CD_CAT, CD, PAR_CD_CAT, VAL, CD_DESC, USE_COL, USE_YN, REG_DTM, MOD_DTM, CD_ORD, LANG)
VALUES ('100201', 'XS', '10020', 'Holding', 'Holding', NULL, 'y', TO_CHAR(SYSDATE, 'YYYYMMDDHH24MISS'), NULL, NULL, 'en');
INSERT INTO NV_CD_MST(CD_CAT, CD, PAR_CD_CAT, VAL, CD_DESC, USE_COL, USE_YN, REG_DTM, MOD_DTM, CD_ORD, LANG)
VALUES ('100201', 'XT', '10020', 'Stop sending', 'Stop sending', NULL, 'y', TO_CHAR(SYSDATE, 'YYYYMMDDHH24MISS'), NULL, NULL, 'en');
INSERT INTO NV_CD_MST(CD_CAT, CD, PAR_CD_CAT, VAL, CD_DESC, USE_COL, USE_YN, REG_DTM, MOD_DTM, CD_ORD, LANG)
VALUES ('100201', 'XW', '10020', 'Working', 'Working', NULL, 'y', TO_CHAR(SYSDATE, 'YYYYMMDDHH24MISS'), NULL, NULL, 'en');
INSERT INTO NV_CD_MST(CD_CAT, CD, PAR_CD_CAT, VAL, CD_DESC, USE_COL, USE_YN, REG_DTM, MOD_DTM, CD_ORD, LANG)
VALUES ('10022', '-', '1001', 'Sending Channel type', 'Sending Channel type', 'relation_type', 'y', TO_CHAR(SYSDATE, 'YYYYMMDDHH24MISS'), NULL, NULL, 'en');
INSERT INTO NV_CD_MST(CD_CAT, CD, PAR_CD_CAT, VAL, CD_DESC, USE_COL, USE_YN, REG_DTM, MOD_DTM, CD_ORD, LANG)
VALUES ('100221', 'L', '10022', 'Response', 'Response', NULL, 'y', TO_CHAR(SYSDATE, 'YYYYMMDDHH24MISS'), NULL, NULL, 'en');
INSERT INTO NV_CD_MST(CD_CAT, CD, PAR_CD_CAT, VAL, CD_DESC, USE_COL, USE_YN, REG_DTM, MOD_DTM, CD_ORD, LANG)
VALUES ('100221', 'N', '10022', '1st send', '1st send', NULL, 'y', TO_CHAR(SYSDATE, 'YYYYMMDDHH24MISS'), NULL, NULL, 'en');
INSERT INTO NV_CD_MST(CD_CAT, CD, PAR_CD_CAT, VAL, CD_DESC, USE_COL, USE_YN, REG_DTM, MOD_DTM, CD_ORD, LANG)
VALUES ('100221', 'R', '10022', 'Resend', 'Resend', NULL, 'y', TO_CHAR(SYSDATE, 'YYYYMMDDHH24MISS'), NULL, NULL, 'en');
INSERT INTO NV_CD_MST(CD_CAT, CD, PAR_CD_CAT, VAL, CD_DESC, USE_COL, USE_YN, REG_DTM, MOD_DTM, CD_ORD, LANG)
VALUES ('100221', 'S', '10022', 'Success', 'Success', NULL, 'y', TO_CHAR(SYSDATE, 'YYYYMMDDHH24MISS'), NULL, NULL, 'en');
INSERT INTO NV_CD_MST(CD_CAT, CD, PAR_CD_CAT, VAL, CD_DESC, USE_COL, USE_YN, REG_DTM, MOD_DTM, CD_ORD, LANG)
VALUES ('100221', 'F', '10022', 'Fail', 'Fail', NULL, 'y', TO_CHAR(SYSDATE, 'YYYYMMDDHH24MISS'), NULL, NULL, 'en');
INSERT INTO NV_CD_MST(CD_CAT, CD, PAR_CD_CAT, VAL, CD_DESC, USE_COL, USE_YN, REG_DTM, MOD_DTM, CD_ORD, LANG)
VALUES ('100221', 'O', '10022', 'Open', 'Open', NULL, 'y', TO_CHAR(SYSDATE, 'YYYYMMDDHH24MISS'), NULL, NULL, 'en');
INSERT INTO NV_CD_MST(CD_CAT, CD, PAR_CD_CAT, VAL, CD_DESC, USE_COL, USE_YN, REG_DTM, MOD_DTM, CD_ORD, LANG)
VALUES ('2001', '-', '00', 'eCare-related', 'eCare-related', NULL, 'y', TO_CHAR(SYSDATE, 'YYYYMMDDHH24MISS'), NULL, NULL, 'en');
INSERT INTO NV_CD_MST(CD_CAT, CD, PAR_CD_CAT, VAL, CD_DESC, USE_COL, USE_YN, REG_DTM, MOD_DTM, CD_ORD, LANG)
VALUES ('20011', '-', '2001', 'eCare Performing state', 'eCare Performing state', 'ecare_sts', 'y', TO_CHAR(SYSDATE, 'YYYYMMDDHH24MISS'), NULL, NULL, 'en');
INSERT INTO NV_CD_MST(CD_CAT, CD, PAR_CD_CAT, VAL, CD_DESC, USE_COL, USE_YN, REG_DTM, MOD_DTM, CD_ORD, LANG)
VALUES ('200111', 'I', '20011', 'Uncompleted', 'Uncompleted', NULL, 'y', TO_CHAR(SYSDATE, 'YYYYMMDDHH24MISS'), NULL, NULL, 'en');
INSERT INTO NV_CD_MST(CD_CAT, CD, PAR_CD_CAT, VAL, CD_DESC, USE_COL, USE_YN, REG_DTM, MOD_DTM, CD_ORD, LANG)
VALUES ('200111', 'P', '20011', 'Stop sending', 'Stop sending', NULL, 'y', TO_CHAR(SYSDATE, 'YYYYMMDDHH24MISS'), NULL, NULL, 'en');
INSERT INTO NV_CD_MST(CD_CAT, CD, PAR_CD_CAT, VAL, CD_DESC, USE_COL, USE_YN, REG_DTM, MOD_DTM, CD_ORD, LANG)
VALUES ('200111', 'R', '20011', 'Executed', 'Executed', NULL, 'y', TO_CHAR(SYSDATE, 'YYYYMMDDHH24MISS'), NULL, NULL, 'en');
INSERT INTO NV_CD_MST(CD_CAT, CD, PAR_CD_CAT, VAL, CD_DESC, USE_COL, USE_YN, REG_DTM, MOD_DTM, CD_ORD, LANG)
VALUES ('200111', 'S', '20011', 'Holding', 'Holding', NULL, 'y', TO_CHAR(SYSDATE, 'YYYYMMDDHH24MISS'), NULL, NULL, 'en');
INSERT INTO NV_CD_MST(CD_CAT, CD, PAR_CD_CAT, VAL, CD_DESC, USE_COL, USE_YN, REG_DTM, MOD_DTM, CD_ORD, LANG)
VALUES ('200111', 'T', '20011', 'Service Check', 'Service Check', NULL, 'y', TO_CHAR(SYSDATE, 'YYYYMMDDHH24MISS'), NULL, NULL, 'en');
INSERT INTO NV_CD_MST(CD_CAT, CD, PAR_CD_CAT, VAL, CD_DESC, USE_COL, USE_YN, REG_DTM, MOD_DTM, CD_ORD, LANG)
VALUES ('20013', '-', '2001', 'eCare Service Type', 'eCare Service Type', 'service_type', 'y', TO_CHAR(SYSDATE, 'YYYYMMDDHH24MISS'), NULL, NULL, 'en');
INSERT INTO NV_CD_MST(CD_CAT, CD, PAR_CD_CAT, VAL, CD_DESC, USE_COL, USE_YN, REG_DTM, MOD_DTM, CD_ORD, LANG)
VALUES ('200131', 'SN', '20013', 'deferred time', 'deferred time', NULL, 'y', TO_CHAR(SYSDATE, 'YYYYMMDDHH24MISS'), NULL, NULL, 'en');
INSERT INTO NV_CD_MST(CD_CAT, CD, PAR_CD_CAT, VAL, CD_DESC, USE_COL, USE_YN, REG_DTM, MOD_DTM, CD_ORD, LANG)
VALUES ('200131', 'SR', '20013', 'schedule(min)', 'schedule(min)', NULL, 'y', TO_CHAR(SYSDATE, 'YYYYMMDDHH24MISS'), NULL, NULL, 'en');
INSERT INTO NV_CD_MST(CD_CAT, CD, PAR_CD_CAT, VAL, CD_DESC, USE_COL, USE_YN, REG_DTM, MOD_DTM, CD_ORD, LANG)
VALUES ('200131', 'SS', '20013', 'schedule', 'schedule', NULL, 'y', TO_CHAR(SYSDATE, 'YYYYMMDDHH24MISS'), NULL, NULL, 'en');
INSERT INTO NV_CD_MST(CD_CAT, CD, PAR_CD_CAT, VAL, CD_DESC, USE_COL, USE_YN, REG_DTM, MOD_DTM, CD_ORD, LANG)
VALUES ('20014', '-', '2001', 'Ecare schedule subtype', 'Ecare schedule subtype', 'sub_type', 'y', TO_CHAR(SYSDATE, 'YYYYMMDDHH24MISS'), NULL, NULL, 'en');
INSERT INTO NV_CD_MST(CD_CAT, CD, PAR_CD_CAT, VAL, CD_DESC, USE_COL, USE_YN, REG_DTM, MOD_DTM, CD_ORD, LANG)
VALUES ('200141', 'N', '20014', 'Deferred time', 'Deferred time', NULL, 'y', TO_CHAR(SYSDATE, 'YYYYMMDDHH24MISS'), NULL, NULL, 'en');
INSERT INTO NV_CD_MST(CD_CAT, CD, PAR_CD_CAT, VAL, CD_DESC, USE_COL, USE_YN, REG_DTM, MOD_DTM, CD_ORD, LANG)
VALUES ('200141', 'R', '20014', 'Schedule(min)', 'Schedule(min)', NULL, 'y', TO_CHAR(SYSDATE, 'YYYYMMDDHH24MISS'), NULL, NULL, 'en');
INSERT INTO NV_CD_MST(CD_CAT, CD, PAR_CD_CAT, VAL, CD_DESC, USE_COL, USE_YN, REG_DTM, MOD_DTM, CD_ORD, LANG)
VALUES ('200141', 'S', '20014', 'Schedule', 'Schedule', NULL, 'y', TO_CHAR(SYSDATE, 'YYYYMMDDHH24MISS'), NULL, NULL, 'en');
INSERT INTO NV_CD_MST(CD_CAT, CD, PAR_CD_CAT, VAL, CD_DESC, USE_COL, USE_YN, REG_DTM, MOD_DTM, CD_ORD, LANG)
VALUES ('4001', '-', '00', 'report', NULL, NULL, 'y', TO_CHAR(SYSDATE, 'YYYYMMDDHH24MISS'), NULL, NULL, 'en');
INSERT INTO NV_CD_MST(CD_CAT, CD, PAR_CD_CAT, VAL, CD_DESC, USE_COL, USE_YN, REG_DTM, MOD_DTM, CD_ORD, LANG)
VALUES ('C000', '-', '00', 'Common Code', 'Code used in the entire', NULL, 'y', TO_CHAR(SYSDATE, 'YYYYMMDDHH24MISS'), NULL, NULL, 'en');
INSERT INTO NV_CD_MST(CD_CAT, CD, PAR_CD_CAT, VAL, CD_DESC, USE_COL, USE_YN, REG_DTM, MOD_DTM, CD_ORD, LANG)
VALUES ('C0001', '-', 'C000', 'Send err code[soft bounce]', 'Send err code[soft bounce]', 'err_cd', 'y', TO_CHAR(SYSDATE, 'YYYYMMDDHH24MISS'), NULL, NULL, 'en');
INSERT INTO NV_CD_MST(CD_CAT, CD, PAR_CD_CAT, VAL, CD_DESC, USE_COL, USE_YN, REG_DTM, MOD_DTM, CD_ORD, LANG)
VALUES ('C00001', '250', 'C0001', 'Send success', 'Send success', NULL, 'y', TO_CHAR(SYSDATE, 'YYYYMMDDHH24MISS'), NULL, NULL, 'en');
INSERT INTO NV_CD_MST(CD_CAT, CD, PAR_CD_CAT, VAL, CD_DESC, USE_COL, USE_YN, REG_DTM, MOD_DTM, CD_ORD, LANG)
VALUES ('C00011', '421', 'C0001', 'service is not available (system error in SMTP server of receiving side)', 'service is not available (system error in SMTP server of receiving side)', NULL, 'y', TO_CHAR(SYSDATE, 'YYYYMMDDHH24MISS'), NULL, NULL, 'en');
INSERT INTO NV_CD_MST(CD_CAT, CD, PAR_CD_CAT, VAL, CD_DESC, USE_COL, USE_YN, REG_DTM, MOD_DTM, CD_ORD, LANG)
VALUES ('C00011', '450', 'C0001', 'mail in-box is locked', 'mail in-box is locked', NULL, 'y', TO_CHAR(SYSDATE, 'YYYYMMDDHH24MISS'), NULL, NULL, 'en');
INSERT INTO NV_CD_MST(CD_CAT, CD, PAR_CD_CAT, VAL, CD_DESC, USE_COL, USE_YN, REG_DTM, MOD_DTM, CD_ORD, LANG)
VALUES ('C00011', '451', 'C0001', 'server error (system error in SMTP server of receiving side)', 'server error (system error in SMTP server of receiving side)', NULL, 'y', TO_CHAR(SYSDATE, 'YYYYMMDDHH24MISS'), NULL, NULL, 'en');
INSERT INTO NV_CD_MST(CD_CAT, CD, PAR_CD_CAT, VAL, CD_DESC, USE_COL, USE_YN, REG_DTM, MOD_DTM, CD_ORD, LANG)
VALUES ('C00011', '452', 'C0001', 'short of storage space in the system', 'short of storage space in the system', NULL, 'y', TO_CHAR(SYSDATE, 'YYYYMMDDHH24MISS'), NULL, NULL, 'en');
INSERT INTO NV_CD_MST(CD_CAT, CD, PAR_CD_CAT, VAL, CD_DESC, USE_COL, USE_YN, REG_DTM, MOD_DTM, CD_ORD, LANG)
VALUES ('C00011', '552', 'C0001', 'overweighed mail box', 'overweighed mail box', NULL, 'y', TO_CHAR(SYSDATE, 'YYYYMMDDHH24MISS'), NULL, NULL, 'en');
INSERT INTO NV_CD_MST(CD_CAT, CD, PAR_CD_CAT, VAL, CD_DESC, USE_COL, USE_YN, REG_DTM, MOD_DTM, CD_ORD, LANG)
VALUES ('C00011', '554', 'C0001', 'failed to transaction', 'failed to transaction', NULL, 'y', TO_CHAR(SYSDATE, 'YYYYMMDDHH24MISS'), NULL, NULL, 'en');
INSERT INTO NV_CD_MST(CD_CAT, CD, PAR_CD_CAT, VAL, CD_DESC, USE_COL, USE_YN, REG_DTM, MOD_DTM, CD_ORD, LANG)
VALUES ('C00011', '600', 'C0001', 'host is busy, or the port requested doesn’t provide service', 'host is busy, or the port requested doesn’t provide service', NULL, 'y', TO_CHAR(SYSDATE, 'YYYYMMDDHH24MISS'), NULL, NULL, 'en');
INSERT INTO NV_CD_MST(CD_CAT, CD, PAR_CD_CAT, VAL, CD_DESC, USE_COL, USE_YN, REG_DTM, MOD_DTM, CD_ORD, LANG)
VALUES ('C00011', '601', 'C0001', 'over-time for connection', 'over-time for connection', NULL, 'y', TO_CHAR(SYSDATE, 'YYYYMMDDHH24MISS'), NULL, NULL, 'en');
INSERT INTO NV_CD_MST(CD_CAT, CD, PAR_CD_CAT, VAL, CD_DESC, USE_COL, USE_YN, REG_DTM, MOD_DTM, CD_ORD, LANG)
VALUES ('C00011', '602', 'C0001', 'Connection Failure', 'Connection Failure', NULL, 'y', TO_CHAR(SYSDATE, 'YYYYMMDDHH24MISS'), NULL, NULL, 'en');
INSERT INTO NV_CD_MST(CD_CAT, CD, PAR_CD_CAT, VAL, CD_DESC, USE_COL, USE_YN, REG_DTM, MOD_DTM, CD_ORD, LANG)
VALUES ('C00011', '603', 'C0001', 'Connection Error', 'Connection Error', NULL, 'y', TO_CHAR(SYSDATE, 'YYYYMMDDHH24MISS'), NULL, NULL, 'en');
INSERT INTO NV_CD_MST(CD_CAT, CD, PAR_CD_CAT, VAL, CD_DESC, USE_COL, USE_YN, REG_DTM, MOD_DTM, CD_ORD, LANG)
VALUES ('C00011', '604', 'C0001', 'Disconnection or IOException occurs in waiting', 'Disconnection or IOException occurs in waiting', NULL, 'y', TO_CHAR(SYSDATE, 'YYYYMMDDHH24MISS'), NULL, NULL, 'en');
INSERT INTO NV_CD_MST(CD_CAT, CD, PAR_CD_CAT, VAL, CD_DESC, USE_COL, USE_YN, REG_DTM, MOD_DTM, CD_ORD, LANG)
VALUES ('C00011', '700', 'C0001', 'connection is broken as communication is ongoing', 'connection is broken as communication is ongoing', NULL, 'y', TO_CHAR(SYSDATE, 'YYYYMMDDHH24MISS'), NULL, NULL, 'en');
INSERT INTO NV_CD_MST(CD_CAT, CD, PAR_CD_CAT, VAL, CD_DESC, USE_COL, USE_YN, REG_DTM, MOD_DTM, CD_ORD, LANG)
VALUES ('C00011', '701', 'C0001', 'IOException', 'IOException', NULL, 'y', TO_CHAR(SYSDATE, 'YYYYMMDDHH24MISS'), NULL, NULL, 'en');
INSERT INTO NV_CD_MST(CD_CAT, CD, PAR_CD_CAT, VAL, CD_DESC, USE_COL, USE_YN, REG_DTM, MOD_DTM, CD_ORD, LANG)
VALUES ('C00011', '702', 'C0001', 'there is less than 3 in the length of response code', 'there is less than 3 in the length of response code', NULL, 'y', TO_CHAR(SYSDATE, 'YYYYMMDDHH24MISS'), NULL, NULL, 'en');
INSERT INTO NV_CD_MST(CD_CAT, CD, PAR_CD_CAT, VAL, CD_DESC, USE_COL, USE_YN, REG_DTM, MOD_DTM, CD_ORD, LANG)
VALUES ('C00011', '703', 'C0001', 'IO exception occurred when waiting for instruction transfer or response code', 'IO exception occurred when waiting for instruction transfer or response code', NULL, 'y', TO_CHAR(SYSDATE, 'YYYYMMDDHH24MISS'), NULL, NULL, 'en');
INSERT INTO NV_CD_MST(CD_CAT, CD, PAR_CD_CAT, VAL, CD_DESC, USE_COL, USE_YN, REG_DTM, MOD_DTM, CD_ORD, LANG)
VALUES ('C00011', '704', 'C0001', 'SMTP Time out', 'SMTP Time out', NULL, 'y', TO_CHAR(SYSDATE, 'YYYYMMDDHH24MISS'), NULL, NULL, 'en');
INSERT INTO NV_CD_MST(CD_CAT, CD, PAR_CD_CAT, VAL, CD_DESC, USE_COL, USE_YN, REG_DTM, MOD_DTM, CD_ORD, LANG)
VALUES ('C00011', '888', 'C0001', 'Other reasons', 'Other reasons', NULL, 'y', TO_CHAR(SYSDATE, 'YYYYMMDDHH24MISS'), NULL, NULL, 'en');
INSERT INTO NV_CD_MST(CD_CAT, CD, PAR_CD_CAT, VAL, CD_DESC, USE_COL, USE_YN, REG_DTM, MOD_DTM, CD_ORD, LANG)
VALUES ('C00011', '999', 'C0001', 'Unsubscriber', 'Unsubscriber', NULL, 'y', TO_CHAR(SYSDATE, 'YYYYMMDDHH24MISS'), NULL, NULL, 'en');
INSERT INTO NV_CD_MST(CD_CAT, CD, PAR_CD_CAT, VAL, CD_DESC, USE_COL, USE_YN, REG_DTM, MOD_DTM, CD_ORD, LANG)
VALUES ('C0002', '-', 'C000', 'Send err code [hard bounce]', 'Send err code [hard bounce]', 'err_cd', 'y', TO_CHAR(SYSDATE, 'YYYYMMDDHH24MISS'), NULL, NULL, 'en');
INSERT INTO NV_CD_MST(CD_CAT, CD, PAR_CD_CAT, VAL, CD_DESC, USE_COL, USE_YN, REG_DTM, MOD_DTM, CD_ORD, LANG)
VALUES ('C00021', '550', 'C0002', 'unknown user', 'unknown user', NULL, 'y', TO_CHAR(SYSDATE, 'YYYYMMDDHH24MISS'), NULL, NULL, 'en');
INSERT INTO NV_CD_MST(CD_CAT, CD, PAR_CD_CAT, VAL, CD_DESC, USE_COL, USE_YN, REG_DTM, MOD_DTM, CD_ORD, LANG)
VALUES ('C00021', '553', 'C0002', 'mail box is not valid or instruction is dropped.', 'mail box is not valid or instruction is dropped.', NULL, 'y', TO_CHAR(SYSDATE, 'YYYYMMDDHH24MISS'), NULL, NULL, 'en');
INSERT INTO NV_CD_MST(CD_CAT, CD, PAR_CD_CAT, VAL, CD_DESC, USE_COL, USE_YN, REG_DTM, MOD_DTM, CD_ORD, LANG)
VALUES ('C00021', '610', 'C0002', 'Unknown Host', 'Unknown Host', NULL, 'y', TO_CHAR(SYSDATE, 'YYYYMMDDHH24MISS'), NULL, NULL, 'en');
INSERT INTO NV_CD_MST(CD_CAT, CD, PAR_CD_CAT, VAL, CD_DESC, USE_COL, USE_YN, REG_DTM, MOD_DTM, CD_ORD, LANG)
VALUES ('C00021', '800', 'C0002', 'Invalid Address', 'Invalid Address', NULL, 'y', TO_CHAR(SYSDATE, 'YYYYMMDDHH24MISS'), NULL, NULL, 'en');
INSERT INTO NV_CD_MST(CD_CAT, CD, PAR_CD_CAT, VAL, CD_DESC, USE_COL, USE_YN, REG_DTM, MOD_DTM, CD_ORD, LANG)
VALUES ('C0006', '-', 'C000', 'User Authorizations', 'User Authorizations', 'usertype_cd', 'y', TO_CHAR(SYSDATE, 'YYYYMMDDHH24MISS'), NULL, NULL, 'en');
INSERT INTO NV_CD_MST(CD_CAT, CD, PAR_CD_CAT, VAL, CD_DESC, USE_COL, USE_YN, REG_DTM, MOD_DTM, CD_ORD, LANG)
VALUES ('C00061', 'A', 'C0006', 'ADMIN', 'ADMIN', NULL, 'y', TO_CHAR(SYSDATE, 'YYYYMMDDHH24MISS'), NULL, NULL, 'en');
INSERT INTO NV_CD_MST(CD_CAT, CD, PAR_CD_CAT, VAL, CD_DESC, USE_COL, USE_YN, REG_DTM, MOD_DTM, CD_ORD, LANG)
VALUES ('C00061', 'M', 'C0006', 'MANAGER', 'MANAGER', NULL, 'y', TO_CHAR(SYSDATE, 'YYYYMMDDHH24MISS'), NULL, NULL, 'en');
INSERT INTO NV_CD_MST(CD_CAT, CD, PAR_CD_CAT, VAL, CD_DESC, USE_COL, USE_YN, REG_DTM, MOD_DTM, CD_ORD, LANG)
VALUES ('C00061', 'U', 'C0006', 'USER', 'USER', NULL, 'y', TO_CHAR(SYSDATE, 'YYYYMMDDHH24MISS'), NULL, NULL, 'en');
-- PUSH error code
INSERT INTO NV_CD_MST (CD_CAT, CD, PAR_CD_CAT, VAL, CD_DESC, USE_YN, REG_DTM, CD_ORD, LANG)
VALUES ('AP00', '-', '00', 'PUSH 공통 결과코드', 'PUSH에서 사용하는 공통 결과코드', 'y', TO_CHAR(SYSDATE, 'YYYYMMDDHH24MISS') , null, 'en');
-- 코드별 카테고리
INSERT INTO NV_CD_MST (CD_CAT, CD, PAR_CD_CAT, VAL, CD_DESC, USE_YN, REG_DTM, CD_ORD, LANG)
VALUES ('AP0001', '-', 'AP00', '정상 결과코드', '정상  결과코드', 'y', TO_CHAR(SYSDATE, 'YYYYMMDDHH24MISS') , null, 'en');
INSERT INTO NV_CD_MST (CD_CAT, CD, PAR_CD_CAT, VAL, CD_DESC, USE_YN, REG_DTM, CD_ORD, LANG)
VALUES ('AP0002', '-', 'AP00', '시스템 에러 결과코드', '시스템 에러 결과코드', 'y', TO_CHAR(SYSDATE, 'YYYYMMDDHH24MISS') , null, 'en');
INSERT INTO NV_CD_MST (CD_CAT, CD, PAR_CD_CAT, VAL, CD_DESC, USE_YN, REG_DTM, CD_ORD, LANG)
VALUES ('AP0003', '-', 'AP00', 'APNS 에러 결과코드', 'APNS 에러 결과코드', 'y', TO_CHAR(SYSDATE, 'YYYYMMDDHH24MISS') , null, 'en');
INSERT INTO NV_CD_MST (CD_CAT, CD, PAR_CD_CAT, VAL, CD_DESC, USE_YN, REG_DTM, CD_ORD, LANG)
VALUES ('AP0004', '-', 'AP00', 'HTTP 에러 결과코드', 'HTTP 에러 결과코드', 'y', TO_CHAR(SYSDATE, 'YYYYMMDDHH24MISS') , null, 'en');
INSERT INTO NV_CD_MST (CD_CAT, CD, PAR_CD_CAT, VAL, CD_DESC, USE_YN, REG_DTM, CD_ORD, LANG)
VALUES ('AP0005', '-', 'AP00', 'GCM 에러 결과코드', 'PUSH 에러 결과코드', 'y', TO_CHAR(SYSDATE, 'YYYYMMDDHH24MISS') , null, 'en');
INSERT INTO NV_CD_MST (CD_CAT, CD, PAR_CD_CAT, VAL, CD_DESC, USE_YN, REG_DTM, CD_ORD, LANG)
VALUES ('AP0006', '-', 'AP00', '기타 에러 결과코드', '기타 에러 결과코드', 'y', TO_CHAR(SYSDATE, 'YYYYMMDDHH24MISS') , null, 'en');
-- 엠앤와이즈 기본코드
INSERT INTO NV_CD_MST (CD_CAT, CD, PAR_CD_CAT, VAL, CD_DESC, USE_YN, REG_DTM, CD_ORD, LANG)
VALUES ('AP0001', '250', 'AP0001', '발송요청 성공', '발송요청 성공', 'y', TO_CHAR(SYSDATE, 'YYYYMMDDHH24MISS') , null, 'en');
INSERT INTO NV_CD_MST (CD_CAT, CD, PAR_CD_CAT, VAL, CD_DESC, USE_YN, REG_DTM, CD_ORD, LANG)
VALUES ('AP0002', '550', 'AP0002', '수신자 정보 없음(앱미설치 등)', '수신자 정보 없음(앱미설치 등)', 'y', TO_CHAR(SYSDATE, 'YYYYMMDDHH24MISS') , null, 'en');
INSERT INTO NV_CD_MST (CD_CAT, CD, PAR_CD_CAT, VAL, CD_DESC, USE_YN, REG_DTM, CD_ORD, LANG)
VALUES ('AP0002', '554', 'AP0002', '발송요청 실패', '발송요청 실패', 'y', TO_CHAR(SYSDATE, 'YYYYMMDDHH24MISS') , null, 'en');
INSERT INTO NV_CD_MST (CD_CAT, CD, PAR_CD_CAT, VAL, CD_DESC, USE_YN, REG_DTM, CD_ORD, LANG)
VALUES ('AP0002', '700', 'AP0002', '통신실패', '통신실패', 'y', TO_CHAR(SYSDATE, 'YYYYMMDDHH24MISS') , null, 'en');
INSERT INTO NV_CD_MST (CD_CAT, CD, PAR_CD_CAT, VAL, CD_DESC, USE_YN, REG_DTM, CD_ORD, LANG)
VALUES ('AP0002', '701', 'AP0002', 'IOException', 'IOException', 'y', TO_CHAR(SYSDATE, 'YYYYMMDDHH24MISS') , null, 'en');
INSERT INTO NV_CD_MST (CD_CAT, CD, PAR_CD_CAT, VAL, CD_DESC, USE_YN, REG_DTM, CD_ORD, LANG)
VALUES ('AP0002', '702', 'AP0002', '응답 코드의 길이가 3 미만', '응답 코드의 길이가 3 미만', 'y', TO_CHAR(SYSDATE, 'YYYYMMDDHH24MISS') , null, 'en');
INSERT INTO NV_CD_MST (CD_CAT, CD, PAR_CD_CAT, VAL, CD_DESC, USE_YN, REG_DTM, CD_ORD, LANG)
VALUES ('AP0002', '703', 'AP0002', '명령어 전송 또는 응답 코드를 기다리는 중 IOException', '명령어 전송 또는 응답 코드를 기다리는 중 IOException', 'y', TO_CHAR(SYSDATE, 'YYYYMMDDHH24MISS') , null, 'en');
INSERT INTO NV_CD_MST (CD_CAT, CD, PAR_CD_CAT, VAL, CD_DESC, USE_YN, REG_DTM, CD_ORD, LANG)
VALUES ('AP0006', '704', 'AP0006', 'Time Out, Interrupted Exception', 'Time Out, Interrupted Exception', 'y', TO_CHAR(SYSDATE, 'YYYYMMDDHH24MISS') , null, 'en');
INSERT INTO NV_CD_MST (CD_CAT, CD, PAR_CD_CAT, VAL, CD_DESC, USE_YN, REG_DTM, CD_ORD, LANG)
VALUES ('AP0006', '800', 'AP0006', 'Invalid Address', 'Invalid Address', 'y', TO_CHAR(SYSDATE, 'YYYYMMDDHH24MISS') , null, 'en');
INSERT INTO NV_CD_MST (CD_CAT, CD, PAR_CD_CAT, VAL, CD_DESC, USE_YN, REG_DTM, CD_ORD, LANG)
VALUES ('AP0006', '888', 'AP0006', 'Etc', 'Etc', 'y', TO_CHAR(SYSDATE, 'YYYYMMDDHH24MISS') , null, 'en');

-- 메일발송결과카테고리
INSERT INTO NVSMTPCATEGORY(CATEGORY_CD, GRP_CD, PCATEGORY_CD, LEVEL_CD, CATEGORY_NM, CATEGORY_DESC, ACTIVE_YN)
VALUES('01', '03', NULL, 0, 'SMTP', 'SMTP Category', 'Y');
INSERT INTO NVSMTPCATEGORY(CATEGORY_CD, GRP_CD, PCATEGORY_CD, LEVEL_CD, CATEGORY_NM, CATEGORY_DESC, ACTIVE_YN)
VALUES('0101', '03', '01', 1, 'Unknown User', 'Unknown User Group', 'Y');
INSERT INTO NVSMTPCATEGORY(CATEGORY_CD, GRP_CD, PCATEGORY_CD, LEVEL_CD, CATEGORY_NM, CATEGORY_DESC, ACTIVE_YN)
VALUES('0102', '03', '01', 1, 'Unknown Host', 'Unknown Host Group', 'Y');
INSERT INTO NVSMTPCATEGORY(CATEGORY_CD, GRP_CD, PCATEGORY_CD, LEVEL_CD, CATEGORY_NM, CATEGORY_DESC, ACTIVE_YN)
VALUES('0103', '03', '01', 1, 'SMTP Exception', 'SMTP Exception Group', 'Y');
INSERT INTO NVSMTPCATEGORY(CATEGORY_CD, GRP_CD, PCATEGORY_CD, LEVEL_CD, CATEGORY_NM, CATEGORY_DESC, ACTIVE_YN)
VALUES('0104', '03', '01', 1, 'NoRoute To Host', 'NoRoute To Host Group', 'Y');
INSERT INTO NVSMTPCATEGORY(CATEGORY_CD, GRP_CD, PCATEGORY_CD, LEVEL_CD, CATEGORY_NM, CATEGORY_DESC, ACTIVE_YN)
VALUES('0105', '03', '01', 1, 'Connection Refused', 'Connection Refused Group', 'Y');
INSERT INTO NVSMTPCATEGORY(CATEGORY_CD, GRP_CD, PCATEGORY_CD, LEVEL_CD, CATEGORY_NM, CATEGORY_DESC, ACTIVE_YN)
VALUES('0106', '03', '01', 1, 'Exception', 'Exception Group', 'Y');
INSERT INTO NVSMTPCATEGORY(CATEGORY_CD, GRP_CD, PCATEGORY_CD, LEVEL_CD, CATEGORY_NM, CATEGORY_DESC, ACTIVE_YN)
VALUES('0107', '03', '01', 1, 'Invalid Address', 'Invalid Address Group', 'Y');
INSERT INTO NVSMTPCATEGORY(CATEGORY_CD, GRP_CD, PCATEGORY_CD, LEVEL_CD, CATEGORY_NM, CATEGORY_DESC, ACTIVE_YN)
VALUES('0108', '03', '01', 1, 'Receive Rejection', 'Receive Rejection', 'Y');

-- 메일발송결과코드
INSERT INTO NVSENDERR(ERROR_CD, ERROR_NM, ERROR_DESC, CATEGORY_CD, CHANNEL_TYPE)
VALUES('250', NULL, 'success', '01', 'M');
INSERT INTO NVSENDERR(ERROR_CD, ERROR_NM, ERROR_DESC, CATEGORY_CD, CHANNEL_TYPE)
VALUES('421', NULL, 'service is not available (system error in SMTP server of receiving side)', '0106', 'M');
INSERT INTO NVSENDERR(ERROR_CD, ERROR_NM, ERROR_DESC, CATEGORY_CD, CHANNEL_TYPE)
VALUES('450', NULL, 'mail in-box is locked', '0106', 'M');
INSERT INTO NVSENDERR(ERROR_CD, ERROR_NM, ERROR_DESC, CATEGORY_CD, CHANNEL_TYPE)
VALUES('451', NULL, 'server error (system error in SMTP server of receiving side)', '0106', 'M');
INSERT INTO NVSENDERR(ERROR_CD, ERROR_NM, ERROR_DESC, CATEGORY_CD, CHANNEL_TYPE)
VALUES('452', NULL, 'short of storage space in the system', '0106', 'M');
INSERT INTO NVSENDERR(ERROR_CD, ERROR_NM, ERROR_DESC, CATEGORY_CD, CHANNEL_TYPE)
VALUES('550', NULL, 'unknown user', '0101', 'M');
INSERT INTO NVSENDERR(ERROR_CD, ERROR_NM, ERROR_DESC, CATEGORY_CD, CHANNEL_TYPE)
VALUES('552', NULL, 'overweighed mail box', '0106', 'M');
INSERT INTO NVSENDERR(ERROR_CD, ERROR_NM, ERROR_DESC, CATEGORY_CD, CHANNEL_TYPE)
VALUES('553', NULL, 'mail box is not valid or instruction is dropped.', '0101', 'M');
INSERT INTO NVSENDERR(ERROR_CD, ERROR_NM, ERROR_DESC, CATEGORY_CD, CHANNEL_TYPE)
VALUES('554', NULL, 'failed to transaction', '0106', 'M');
INSERT INTO NVSENDERR(ERROR_CD, ERROR_NM, ERROR_DESC, CATEGORY_CD, CHANNEL_TYPE)
VALUES('600', NULL, 'host is busy, or the port requested doesn’t provide service', '0105', 'M');
INSERT INTO NVSENDERR(ERROR_CD, ERROR_NM, ERROR_DESC, CATEGORY_CD, CHANNEL_TYPE)
VALUES('601', NULL, 'over-time for connection', '0104', 'M');
INSERT INTO NVSENDERR(ERROR_CD, ERROR_NM, ERROR_DESC, CATEGORY_CD, CHANNEL_TYPE)
VALUES('602', NULL, 'Connection Failure', '0103', 'M');
INSERT INTO NVSENDERR(ERROR_CD, ERROR_NM, ERROR_DESC, CATEGORY_CD, CHANNEL_TYPE)
VALUES('610', NULL, 'Unknown Host', '0102', 'M');
INSERT INTO NVSENDERR(ERROR_CD, ERROR_NM, ERROR_DESC, CATEGORY_CD, CHANNEL_TYPE)
VALUES('603', NULL, 'Connection Error', '0103', 'M');
INSERT INTO NVSENDERR(ERROR_CD, ERROR_NM, ERROR_DESC, CATEGORY_CD, CHANNEL_TYPE)
VALUES('604', NULL, 'Disconnection or IOException occurs in waiting', '0103', 'M');
INSERT INTO NVSENDERR(ERROR_CD, ERROR_NM, ERROR_DESC, CATEGORY_CD, CHANNEL_TYPE)
VALUES('700', NULL, 'connection is broken as communication is ongoing', '0103', 'M');
INSERT INTO NVSENDERR(ERROR_CD, ERROR_NM, ERROR_DESC, CATEGORY_CD, CHANNEL_TYPE)
VALUES('701', NULL, 'IOExcepition', '0103', 'M');
INSERT INTO NVSENDERR(ERROR_CD, ERROR_NM, ERROR_DESC, CATEGORY_CD, CHANNEL_TYPE)
VALUES('702', NULL, 'there is less than 3 in the length of response code', '0103', 'M');
INSERT INTO NVSENDERR(ERROR_CD, ERROR_NM, ERROR_DESC, CATEGORY_CD, CHANNEL_TYPE)
VALUES('703', NULL, 'IO exception occurred when waiting for instruction transfer or response code', '0103', 'M');
INSERT INTO NVSENDERR(ERROR_CD, ERROR_NM, ERROR_DESC, CATEGORY_CD, CHANNEL_TYPE)
VALUES('704', NULL, 'SMTP TIME OUT', '0103', 'M');
INSERT INTO NVSENDERR(ERROR_CD, ERROR_NM, ERROR_DESC, CATEGORY_CD, CHANNEL_TYPE)
VALUES('800', NULL, 'Invalid Address', '0107', 'M');
INSERT INTO NVSENDERR(ERROR_CD, ERROR_NM, ERROR_DESC, CATEGORY_CD, CHANNEL_TYPE)
VALUES('888', NULL, 'other reasons', '0106', 'M');
INSERT INTO NVSENDERR (ERROR_CD, ERROR_NM, ERROR_DESC, ERROR_SMS_DESC, CATEGORY_CD, CHANNEL_TYPE, SPAM_YN)
VALUES('900', NULL, 'handler error', NULL, '0106', 'M', 'N');
INSERT INTO NVSENDERR(ERROR_CD, ERROR_NM, ERROR_DESC, CATEGORY_CD, CHANNEL_TYPE)
VALUES('999', NULL, 'unsubscriber', '0107', 'M');

-- 발송주기
INSERT INTO NVSENDCYCLE(CYCLE_CD, CYCLE_NM) VALUES ('1', 'Daily');
INSERT INTO NVSENDCYCLE(CYCLE_CD, CYCLE_NM) VALUES ('2', 'Weekly');
INSERT INTO NVSENDCYCLE(CYCLE_CD, CYCLE_NM) VALUES ('3', 'Monthly');
INSERT INTO NVSENDCYCLE(CYCLE_CD, CYCLE_NM) VALUES ('4', 'Once');
INSERT INTO NVSENDCYCLE(CYCLE_CD, CYCLE_NM) VALUES ('5', 'Minute');

-- 사용자그룹[부서]
INSERT INTO NVUSERGRP (GRP_CD, GRP_NM, SUPRAGRP_CD, GRP_DESC, GRP_LEVEL, PERMISSION, EDITOR_ID, LASTUPDATE_DT, MANAGER_ID, ACTIVE_YN, ETC_INFO1, MANAGER_NM)
VALUES('01', 'mnwise', NULL, 'Top Dept', 0, 'Y', 'admin', TO_CHAR(SYSDATE, 'YYYYMMDD'), 'manager', 'Y', NULL, 'manager');

-- 사용자
-- 관리자 (암호화 : vq2IfHWRcHE=, 복호화 : 1111)
INSERT INTO NVUSER (USER_ID, PASS_WD, GRP_CD, NAME_KOR, NAME_ENG, TEL_NO, EMAIL, USER_CLASS, USERTYPE_CD, LASTUPDATE_DT, ACTIVE_YN, ACCEPT_YN, USER_ROLE)
VALUES('admin', '1111', '01', 'administrator', 'Administrator', '02-3445-0922', 'admin@mnwise.com', 'manager', 'A', TO_CHAR(SYSDATE, 'YYYYMMDD'), 'Y', 'Y', 'A');
-- 최상위 부서장 등록
INSERT INTO NVUSER (USER_ID, PASS_WD, GRP_CD, NAME_KOR, NAME_ENG, TEL_NO, EMAIL, USER_CLASS, USERTYPE_CD, LASTUPDATE_DT, ACTIVE_YN, ACCEPT_YN)
VALUES('manager', '1111', '01', 'manager', 'Manager', '02-3445-0922', 'manager@mnwise.com', 'manager', 'M', TO_CHAR(SYSDATE, 'YYYYMMDD'), 'Y', 'Y');
 -- TEST유져 등록
INSERT INTO NVUSER (USER_ID, PASS_WD, GRP_CD, NAME_KOR, NAME_ENG, TEL_NO, EMAIL, USER_CLASS, USERTYPE_CD, LASTUPDATE_DT, ACTIVE_YN, ACCEPT_YN)
VALUES('test', '1111', '01', 'tester', 'User', '02-3445-0922', 'test@mnwise.com', 'tester', 'U', TO_CHAR(SYSDATE, 'YYYYMMDD'), 'Y', 'Y');

-- 대상자DB접속정보
INSERT INTO NVDBINFO(DBINFO_SEQ, DRIVER_NM) VALUES(1, 'Temporary DB info');

-- 이케어 준실시간 옴니채널용 기준 세그먼트
INSERT INTO NVSEGMENT (SEGMENT_NO, USER_ID, GRP_CD, SEGMENT_NM, DBINFO_SEQ, SEGMENT_DESC, SQLHEAD, SQLTAIL, SQLBODY, SQLFILTER, LASTUPDATE_DT, SEGMENT_SIZE, CRTGRP_CD, SEGMENT_TYPE, FILETODB_YN, EDITOR_ID, SHARE_YN, ACTIVE_YN, CATEGORY_CD, SEGMENT_STS, TAG_NO, PSEGMENT_NO, PLINK_SEQ, SEG_TYPE, TESTQUERY, UPDATEQUERY)
VALUES(-1, 'admin', '01', 'DEFAULT TARGET', 1, NULL, NULL, NULL, NULL, NULL, NULL, NULL, NULL, NULL, NULL, NULL, NULL, NULL, NULL, NULL, NULL, NULL, NULL, NULL, NULL, NULL);

-- 이케어 준실시간 옴니채널용 기준 시멘틱
INSERT INTO NVSEMANTIC (SEGMENT_NO, FIELD_SEQ, FIELD_NM, FIELD_DESC, FIELD_TYPE, FIELD_LENGTH, INITVALUE, MINVALUE, MAXVALUE, NULL_YN, FIELD_KEY)
VALUES(-1, 1, 'RECEIVER_ID', NULL, NULL, NULL, NULL, NULL, NULL, NULL, 'K');
INSERT INTO NVSEMANTIC (SEGMENT_NO, FIELD_SEQ, FIELD_NM, FIELD_DESC, FIELD_TYPE, FIELD_LENGTH, INITVALUE, MINVALUE, MAXVALUE, NULL_YN, FIELD_KEY)
VALUES(-1, 2, 'RECEIVER_NM', NULL, NULL, NULL, NULL, NULL, NULL, NULL, 'N');
INSERT INTO NVSEMANTIC (SEGMENT_NO, FIELD_SEQ, FIELD_NM, FIELD_DESC, FIELD_TYPE, FIELD_LENGTH, INITVALUE, MINVALUE, MAXVALUE, NULL_YN, FIELD_KEY)
VALUES(-1, 3, 'RECEIVER', NULL, NULL, NULL, NULL, NULL, NULL, NULL, 'E');

-- PUSH 공통 코드 분류
INSERT INTO NV_CD_MST (CD_CAT, CD, PAR_CD_CAT, VAL, CD_DESC, USE_YN, REG_DTM, CD_ORD, LANG)
VALUES ('AP01', '-', '00', 'PUSH 공통 코드', 'PUSH에서 사용하는 공통 코드', 'y', TO_CHAR(SYSDATE, 'YYYYMMDDHH24MISS') , null, 'en');
INSERT INTO NV_CD_MST (CD_CAT, CD, PAR_CD_CAT, VAL, CD_DESC, USE_YN, REG_DTM, CD_ORD, LANG)
VALUES ('AP0101', '-', 'AP01', 'PUSH 메시지 유형', 'PUSH 메시지 유형', 'y', TO_CHAR(SYSDATE, 'YYYYMMDDHH24MISS') , null, 'en');